"id","lat","long"
2628,9.4309,55.0397
5307,5.01307,60.42042
5175,5.51667,62.0428
80,9.96008,57.0599
885,4.73214,52.25751
990,5.11253,51.78628
82,10.23,56.1564
3592,48.27059,30.33739
4523,144.2914,44.01287
5327,6.65538,58.23774
6344,-123.82051,46.96675
83,-2.07639,57.1418
2454,-2.03008,57.19079
1537,-3.29373,56.05039
3337,-4.02668,5.31653
5426,120.77046,13.46789
5642,22.52895,58.16331
5805,50.28857,40.43776
3181,35.20582,24.45205
84,54.32162,24.49677
5853,48.0218,30.45974
3599,55.0131,25.8688
3173,30.08159,31.31484
4856,139.70617,38.74492
4696,131.40431,31.5754
6089,-92.11368,29.90051
7155,-89.83842,13.57842
6616,-99.87767,16.84282
3338,-0.20812,5.53483
6767,-73.49023,-42.46726
777,24.5771,38.87015
516,22.96317,39.00667
528,22.80564,38.88623
1586,-5.49103,56.51167
3159,35.07135,32.91849
6234,-176.6376,51.8563
3813,138.53066,-34.79506
3454,45.01225,12.80028
3053,39.9359,43.40787
5766,18.88392,47.10837
1895,-3.01657,36.74249
2738,12.05162,45.05392
5,23.4257,37.7436
793,23.45771,37.77211
636,23.44568,37.72477
5653,24.7581,59.57161
2612,10.41321,54.89211
778,20.68444,38.34767
3578,53.92737,26.71754
3303,-9.634,30.4175
545,26.966,37.4525
2594,11.1998,55.21094
754,20.6006,38.3008
593,23.43341,37.73194
647,26.14919,38.30059
591,26.11842,38.28322
558,24.69024,35.09555
686,23.06863,39.09141
711,26.8513,37.15784
500,24.06446,38.18429
851,23.53813,37.74266
623,22.98194,36.32828
831,23.96061,35.22874
569,23.20232,37.34106
820,23.89867,38.2954
826,22.29794,38.35304
18,23.0884,37.9157
604,22.89044,39.67989
529,23.03412,38.93418
829,21.92221,36.86373
2269,22.78371,37.37123
617,27.33473,36.45958
721,23.02426,37.91874
842,25.50797,40.87528
684,24.14109,38.27933
627,24.98562,39.53824
698,22.88386,38.83661
625,19.9439,39.42611
613,19.92755,39.62486
40,22.8653,38.7582
553,23.72598,37.87859
77,26.298,37.6139
541,25.71923,35.19615
456,22.15695,38.34608
737,22.68416,38.36132
796,22.28181,36.82377
798,20.70879,37.90633
653,24.0593,35.55099
506,20.86406,37.71622
590,22.12462,38.36718
743,19.63276,39.75323
695,20.78882,38.97108
492,23.14108,38.18131
587,23.39434,37.63776
523,23.34824,37.71327
634,23.70996,39.08341
552,23.01054,39.33823
2064,14.98259,40.35201
1908,-2.56086,36.81471
1942,-1.5725,37.4049
7006,-66.22513,17.94745
2249,14.31202,55.92621
460,23.04061,38.85783
30,25.9719,36.9036
44,22.0831,38.2583
4979,141.50284,38.60228
4232,129.65117,33.19361
4317,131.4206,34.0094
4577,134.46599,34.78232
3933,148.71773,-20.26425
1550,-1.37403,60.28628
1749,8.74463,41.92232
4281,134.12414,34.38782
3214,10.74079,33.71536
4351,139.0796,35.0534
3507,55.45059,25.4243
5632,24.51045,65.6606
4939,138.41349,37.86498
4066,172.9604,-43.8067
4239,136.67497,37.16602
4845,134.99099,34.64229
4833,141.53811,38.79621
4579,130.31987,32.51829
3101,39.56757,41.02575
3116,26.15227,39.88031
3100,26.87859,39.58415
1455,4.74219,52.56239
4663,140.0289,39.77401
4289,139.85995,39.87594
4699,132.81759,34.31274
4397,144.83542,43.04253
1112,5.83853,53.05041
5568,-22.07595,64.31411
835,22.31788,38.17219
3141,33.03251,34.5729
5905,51.21885,43.59
750,23.343,37.41413
5575,-18.07486,65.69186
6246,-165.77904,54.13206
2101,27.29289,36.96701
3172,32.47822,29.88432
3521,56.08397,26.04683
3171,33.83695,31.15598
3464,59.5732,21.8529
3489,57.70264,19.67852
3499,55.77868,25.69401
3293,-3.9202,35.24757
3525,47.80136,29.38768
3492,55.79998,25.71688
3472,58.65347,23.5484
3450,49.69211,27.11078
3527,48.39473,28.65967
5830,51.53128,25.68748
3486,58.27041,23.63171
3444,38.40713,23.80494
3481,57.52681,23.82805
3458,49.13006,14.52643
3199,19.94054,31.94975
3495,56.01713,25.88699
3476,58.60723,23.58288
5831,51.20421,26.14863
3439,42.09618,17.62686
3485,57.44047,23.85444
3446,50.18167,26.14612
3237,10.36307,33.70121
5884,53.22079,39.35936
6849,-82.49048,23.09499
2139,32.00415,36.53715
3121,31.3875,41.1943
5813,49.44486,39.96983
6017,-73.74683,42.6457
3949,117.8959,-35.03632
2739,8.22045,44.04325
7095,-54.05439,5.4955
1174,4.65596,51.85799
2730,-8.2604,37.08175
1913,0.5519,40.572
6068,-122.72043,48.84251
5427,123.51559,9.73506
1965,3.13647,39.83453
1043,5.89329,53.04798
5893,-2.19772,49.72555
908,5.33903,51.79111
745,23.1864,38.08957
81,6.15045,62.4657
86,29.86284,31.18196
6210,-77.03692,38.80791
814,25.8962,40.83881
1419,7.12852,50.05594
87,-5.42208,36.1363
3264,3.07137,36.77038
2736,-9.22897,38.69371
2060,8.30895,40.56247
6335,-82.53065,42.61691
2130,26.95615,38.82474
1879,-0.49746,38.32293
2019,14.36122,38.53341
537,20.78167,37.84321
763,22.63083,40.3793
806,23.70334,37.91203
6000,-154.2504,56.89787
573,24.04697,38.39192
2783,18.95051,45.53172
5029,4.74872,52.63402
5937,-87.26503,30.34456
5406,124.28142,12.50341
2609,14.80382,55.27984
2719,-9.14487,38.68687
5027,6.63711,52.37014
1139,6.29694,52.16613
1062,5.22275,52.36358
1208,5.21823,52.33113
1918,-2.46208,36.82498
6899,-82.39356,9.28835
459,24.15805,38.26723
4003,147.24186,-43.31297
49,23.8667,39.1423
5957,-83.42269,45.05973
5013,4.64802,52.14235
88,23.3264,69.9844
6866,-71.54897,10.74746
7115,-85.58723,11.58788
6563,-97.88146,22.48769
1331,8.77156,53.83796
583,25.89311,35.17415
6609,-95.75538,18.76519
6790,-56.55547,-29.11399
5101,6.42253,60.43037
713,21.53871,38.15753
484,20.76887,37.84377
677,23.04988,38.19595
1268,9.57136,54.51086
4618,135.38163,34.68687
3722,128.9223,-3.33466
4265,129.993,32.3201
630,22.89014,39.16812
7114,-87.65179,13.29612
2170,32.3934,41.7458
2133,28.67439,40.9597
6956,-70.77716,19.83472
2374,-1.58297,55.33643
3368,13.7354,-10.74748
3802,128.17656,-3.69212
5018,4.96642,51.9587
1019,5.74713,53.43608
6315,-91.11553,29.66648
1298,7.61303,51.88951
3583,51.0887,28.51357
1472,5.37701,52.16318
51,21.1607,38.8924
1757,1.11769,49.41431
6488,-83.11581,42.09453
3548,53.37218,36.85953
3910,153.43696,-27.40068
4411,132.38681,35.14337
1041,5.22234,51.74455
823,20.47827,39.23884
772,23.92486,40.32682
719,23.92015,40.33481
454,25.2659,37.1015
1381,8.40081,54.63056
89,4.81023,52.4089
6856,-70.23211,11.74626
4520,130.45024,32.52507
5971,-122.60554,48.52364
3030,177.52593,64.73875
36,25.7712,36.3433
3033,37.30147,44.89926
574,23.93826,37.71768
6241,-149.9005,61.23154
6925,-77.18084,-11.77229
2029,13.50146,43.62161
6708,-73.83217,-41.866
5178,7.6751,62.56745
5285,16.1413,69.32752
1314,7.40841,50.44271
6049,-122.67645,47.17842
638,22.63191,38.37302
3025,132.3185,43.07772
31,24.7325,37.8844
458,24.94025,37.84243
7166,-64.38299,18.72143
4505,140.01383,35.50566
508,22.81657,40.49619
5011,5.98356,51.9155
3715,122.79467,0.86073
6200,-134.5672,57.4722
6628,-44.31173,-23.01401
7059,-63.09312,18.16918
5696,-6.58422,62.25266
3059,142.51841,46.71521
5492,128.43766,34.95152
1137,4.83737,52.85821
3269,7.77847,36.90484
6464,-122.96821,49.15826
3356,5.64126,-1.40615
5779,120.14836,22.97006
4191,117.04911,30.50116
5209,8.99764,63.63857
2291,-2.69737,56.22049
7070,50.28279,-14.89956
2159,30.61095,36.8334
2985,132.76984,42.84647
90,7.1277,43.5866
1790,0.13738,49.65894
7094,-61.77285,17.01316
689,23.29162,35.88801
6831,-75.74456,20.82323
452,25.0862,37.0412
822,20.23279,39.15341
700,21.76997,38.32976
6711,-70.40669,-23.64985
2546,3.44221,50.56957
6681,-48.70721,-25.42997
7034,49.28316,-12.27439
91,4.34107,51.2594
3544,49.46587,37.48363
2003,12.63533,41.44487
4870,135.07616,33.90467
4099,120.55756,27.58374
4612,140.72375,40.84746
4858,139.45413,42.05994
4456,131.47519,31.79882
4168,114.26964,22.55052
5825,18.96617,45.67824
5862,-171.76326,-13.82808
3885,143.67742,-38.75813
1055,6.85737,53.31994
3864,115.84754,-32.00332
1580,-4.18996,51.05075
5903,34.99356,29.52084
5840,34.95911,29.37695
2079,16.57006,38.59116
6692,-37.04767,-10.93712
4274,140.91251,38.03449
550,21.84281,38.33157
6182,-97.14104,27.89307
4238,138.76584,34.82953
4885,136.87256,34.46
92,-38.4723,-12.7863
2059,9.70101,39.94257
2367,-2.584,56.55407
660,22.8785,36.6292
5811,48.87969,38.51982
5333,6.162,59.1438
5247,7.70283,61.23387
2407,-5.52421,56.18469
1554,-5.60333,54.2615
1606,-5.23667,56.72121
2394,-5.44409,56.01484
3840,137.9244,-34.4342
85,-4.82326,55.6433
1575,-5.04179,55.86877
1990,14.81531,40.64275
7067,-66.70224,18.47844
5298,8.76997,58.45765
1945,2.5596,41.57657
2008,8.68749,44.39947
1930,-8.23976,43.42214
6476,-53.9776,47.29802
79,20.4914,38.1863
2695,-15.68554,27.75963
6729,-70.3256,-18.47048
753,20.2862,39.35565
2700,-15.401,27.84383
1191,4.99976,51.86468
3000,40.50579,64.54821
764,23.02391,38.75086
2481,-6.14585,52.79464
832,26.73577,37.37892
1618,-5.89223,57.06632
862,5.90866,51.97645
1323,9.93454,54.63033
6522,-53.98908,47.75949
2645,2.29675,50.73754
6688,-42.01557,-22.97264
2693,-13.53117,28.96418
7009,-66.06714,17.96306
5573,-18.35392,65.94644
5036,6.01652,60.05432
5190,5.45888,59.17085
1499,10.48183,53.37882
799,25.45459,34.99081
3501,52.5652,24.77547
3277,-0.23849,35.82594
3480,58.79309,23.41429
4847,140.9823,40.9387
4496,134.37088,33.62744
3602,52.54695,27.53308
4890,129.2131,34.1093
4475,140.85763,40.89422
1367,9.11874,49.9774
3473,56.08398,26.05698
3967,115.00579,-21.67573
3162,34.6415,31.83484
4623,132.93857,32.78061
3164,34.50537,31.6327
6052,-90.8815,46.60482
6167,-80.79199,41.91413
3298,-6.03464,35.47128
5342,14.90457,58.87538
2633,11.48289,54.88441
5381,11.79305,57.65076
3,23.5931,38.028
3431,42.74618,12.99793
889,6.00717,51.22748
944,4.75673,52.48642
94,9.88587,55.2698
559,20.5378,38.37887
791,21.0819,38.53181
2262,21.0977,38.4747
3542,48.88254,38.40751
6099,-123.8613,46.19046
813,19.75878,39.79628
3092,48.01001,46.34832
71,26.34529,36.57359
7048,-57.64924,-25.26847
4276,139.08058,35.09531
4493,132.31542,34.19647
715,20.7986,38.66284
562,26.14497,35.00662
6339,-93.88144,29.98117
1846,3.0665,50.4128
4060,174.76512,-36.83843
1423,9.71518,54.31895
2500,-9.05931,52.64411
2090,15.21514,37.21356
966,6.16221,53.21859
5897,7.66139,47.54331
5818,160.69764,-8.77664
5274,6.91858,62.78051
6505,-61.43587,45.64916
2659,-2.97755,47.66095
5942,-84.8971,39.05702
5246,5.17719,60.10631
5154,5.46368,59.22192
3133,29.87722,40.72294
6198,-118.32243,33.34604
554,24.97033,40.93089
2627,12.48877,55.59885
2720,-8.72308,40.6503
2515,3.44982,50.75862
6060,-80.13324,25.94613
5078,7.66442,63.05786
1853,-5.92749,43.59089
762,23.08213,36.22532
2453,-4.16613,57.56698
96,-2.71705,51.5081
4866,133.63358,34.26815
4467,134.611,34.144
6736,-72.78786,-42.31755
5519,128.55817,38.27242
1601,-4.6406,55.4688
4585,141.50696,38.29476
2115,26.69253,39.32679
3186,12.67835,32.79401
3188,20.06964,30.89981
3245,4.41986,36.9037
3093,39.40236,47.12064
4082,109.14559,11.89045
960,4.96363,52.23467
972,5.30107,52.21316
2532,4.16792,51.03708
3612,66.96124,24.8217
3545,52.65629,36.71635
6876,-71.15259,9.94315
6425,-66.86093,45.05502
5829,19.41572,45.23903
1653,-2.75004,59.15664
5454,122.93192,10.68094
5742,16.90109,48.14173
2570,9.16928,49.23049
1940,2.2421,41.4346
3768,117.3746,-8.46217
5494,126.45161,33.5003
6795,-62.2737,-38.79203
6658,-40.31372,-20.32306
6483,-68.13013,49.24223
5864,166.88983,-22.35242
7175,-61.59131,16.27016
5994,-122.50584,47.62003
1920,-8.84434,42.12238
5767,18.92697,46.18693
6873,-71.61978,10.49937
3770,120.40859,-4.54561
2830,14.54283,45.30294
3747,105.75527,-5.8708
961,5.45601,52.87159
2142,28.87902,40.9733
5600,-14.8268,66.0217
5807,49.92161,40.33065
2954,33.59886,44.49873
2971,47.80754,52.02487
5435,120.93429,13.50753
6896,-79.56777,8.95606
2894,28.1621,43.4014
3461,48.17549,13.98427
3772,116.80403,-1.27431
2423,-3.90995,57.75436
979,5.58113,52.89891
5047,16.84707,68.34288
3993,153.56849,-28.87508
5081,13.53438,68.07496
5384,17.9677,59.3532
2462,-6.23863,55.20796
2506,-6.96914,52.24504
6648,-48.60734,-26.45769
5471,127.34253,34.4828
1570,-0.83941,60.75892
97,-76.5588,39.25073
3071,19.90375,54.63378
1525,7.36624,53.7228
1405,10.89143,49.89623
3381,12.40057,-5.99995
3753,95.30857,5.58039
3587,56.28193,27.17241
3563,50.14423,30.05863
3550,49.06788,30.42356
3528,54.49959,26.59474
3559,50.9079,28.8211
2590,11.492,54.83855
2164,27.9638,40.3566
2121,27.91224,40.38194
1787,5.7557,43.13285
6845,-75.70674,20.91949
2386,-2.52199,57.67051
3668,100.97932,13.49422
3786,123.4971,-1.5904
3684,100.59372,13.54396
2338,-5.67149,54.66466
5520,126.33287,36.50256
3150,35.94093,35.20498
3745,114.56441,-3.31131
2846,13.8685,44.8195
3321,-16.57135,13.44636
3903,153.13815,-27.05165
2507,-9.46054,51.68068
3688,114.3845,-8.20132
2879,19.07624,42.09776
5920,-68.22536,44.40067
6261,-68.20424,44.39286
6828,-74.50287,20.35215
6957,-71.08854,18.20845
1966,-8.19525,43.46965
2160,27.47185,40.89835
6095,-158.11574,21.32521
98,2.17599,41.3459
6192,-79.59469,42.34354
3196,25.09595,31.75542
1482,4.54108,51.83324
1743,-1.26007,49.67117
5014,5.81477,51.06002
2580,13.032,54.43399
99,16.8583,41.1361
7187,16.29179,41.32711
1577,-7.40031,57.0086
6611,-97.20319,20.7262
6606,-104.68134,19.19708
7027,-73.88441,7.06498
6940,-77.02715,-12.15417
6991,-74.77326,11.00795
2444,-7.40807,57.00238
2721,-9.08185,38.65231
1637,-0.39401,53.70018
3888,115.48091,-20.8067
1561,-3.21252,54.1007
1551,-3.26367,51.3965
3838,146.38142,-38.71257
7103,-58.61705,6.40366
3124,32.2341,41.68488
3580,55.27047,26.66112
7189,7.58875,47.56086
7008,-61.7343,15.99525
5839,94.729,16.77946
6982,-62.71861,17.28893
1722,9.45477,42.6975
1209,3.70983,51.51747
6915,-82.21052,9.34663
3357,9.73505,1.82836
5392,121.03612,13.75275
3880,150.18311,-35.70991
1163,5.63124,51.82081
5410,124.78481,10.32639
6351,-91.19382,30.45817
5283,29.73386,70.63522
526,24.78311,37.85687
943,4.12895,51.70509
3776,103.99431,1.17195
3699,116.00939,-3.44061
3145,41.65107,41.65215
3710,122.60167,-5.45235
5875,50.26383,44.5834
6455,-52.81057,47.31311
6368,-83.89409,43.59484
6113,-80.13425,25.88319
5441,124.79401,10.67327
1771,-1.47406,43.49364
6313,-88.25838,30.40072
6934,-81.05228,-5.79523
6399,-67.14243,45.16034
4032,174.76508,-36.82089
4212,122.06124,40.27833
3963,151.29269,-33.65219
6270,-73.98729,41.50601
2292,-1.62766,55.54941
5963,-76.66722,34.71657
1826,7.3372,43.70772
6369,-94.07912,30.07716
5965,-85.51511,45.74343
6390,-72.37661,46.40332
2916,23.96071,43.74828
7111,-64.53365,18.44639
2517,3.33195,51.13778
1339,9.41799,53.87818
4108,109.06373,21.47948
3411,34.83359,-19.81416
100,35.53567,33.9137
3244,5.09514,36.75171
3223,11.04917,35.62344
5667,24.66514,59.45349
1509,9.46725,53.92866
3706,98.70974,3.79365
3654,74.26589,14.71285
6690,-48.49744,-1.43176
101,-5.89831,54.6175
5933,-69.00712,44.43014
2922,30.37853,46.18202
7001,-88.18418,17.49155
7113,-88.19603,17.47182
3950,146.86113,-41.13836
6395,-128.1406,52.16239
6494,-128.14121,52.13883
6411,-126.79549,52.3764
6161,-79.88283,40.12866
6441,-65.84192,47.91166
6532,-77.38204,44.1552
6286,-122.50944,48.7444
1706,-0.9689,60.683
3022,34.79278,64.52563
1198,6.05614,52.67075
1018,6.08649,52.69197
1424,7.56151,50.41681
1248,5.51849,51.88702
1132,4.25641,51.62615
3750,116.7473,-8.8929
3184,20.03664,32.0998
3371,13.38599,-12.58625
3224,10.79724,36.45311
3241,-1.39117,35.30598
1857,0.43421,40.41322
6281,-122.1351,38.04086
581,19.91509,39.54578
3777,115.21289,-8.74608
1841,-4.10803,47.86906
1281,7.57153,53.67834
4995,140.0917,41.42086
5927,-86.48509,42.11311
4284,133.04436,36.10816
4689,131.5059,33.3019
7068,-61.23916,13.01053
3419,44.9945,10.4396
2949,36.7739,46.7475
2504,-9.8223,51.6362
3169,35.49186,23.93982
2202,11.74779,58.00284
102,5.30322,60.3921
1229,4.26803,51.49756
2557,7.60704,52.2754
5086,19.36207,69.23824
3536,61.1746,25.14885
103,29.1083,70.8601
2584,13.40442,52.51672
3956,150.07242,-36.42532
1939,-2.71379,43.41966
2345,-7.16469,57.71602
1267,7.0699,49.91233
1793,5.1588,43.45751
6026,-91.21547,29.69467
5244,10.6657,59.9161
1065,4.66683,52.4671
3631,69.09286,22.45232
3613,66.96529,24.81834
3748,136.07583,-1.1862
2834,15.28057,44.07058
3997,115.76359,-32.0259
1085,5.68492,52.45528
7125,-88.40406,16.51196
2882,18.70423,42.35464
4883,140.60393,43.30046
1881,-3.03852,43.35705
5549,-23.59712,65.68415
3940,151.30445,-33.64208
3707,118.71175,-8.44438
3985,136.3897,-15.62759
1761,-2.82119,48.60093
5720,113.04048,3.22088
5002,5.86575,53.28985
2274,-0.83161,50.80386
1645,-2.96584,51.55827
3732,119.4832,-4.8173
3863,153.21935,-27.48332
2397,-3.01374,53.40405
5850,7.64102,47.55567
1260,8.33518,49.99911
5866,-15.57546,11.85792
3711,125.16637,1.43733
3210,9.86401,37.26008
5362,11.52423,58.05316
2272,-3.51984,56.00581
6429,-66.80072,45.05338
6078,-122.76393,48.99132
2650,-0.29442,49.22651
6516,-57.14784,51.41475
1038,6.07255,52.69431
2571,10.73522,53.29879
1470,4.55275,52.00306
6127,-71.55605,41.17453
936,5.96142,52.72631
5584,-20.29925,65.66919
6989,-83.75761,12.01193
4045,168.3399,-46.59619
1333,8.58164,53.17506
3905,147.25796,-43.12638
1667,-1.50807,55.13192
6948,-69.62206,18.43529
6550,-96.10381,19.10027
6914,-82.23831,9.33747
1370,9.61473,54.83177
5043,14.38336,67.2887
2095,27.42805,37.02487
2614,10.08111,55.10566
5239,16.07504,68.22566
2611,12.05063,54.91202
2245,11.34386,58.35162
2568,10.7057,53.37524
2242,11.53321,58.30104
2800,16.65627,43.26059
5880,-15.47067,11.57873
6309,-94.77099,29.38329
6249,-90.4912,29.61207
2993,132.333,43.1234
1074,5.52167,53.06144
5550,-23.24146,66.15696
3379,13.0487,-5.85918
4000,153.15489,-27.07373
5490,128.56933,38.25032
1795,9.15562,41.38944
1288,7.10909,50.73598
1830,2.47709,48.78509
2647,1.56807,49.03573
3348,7.13769,4.41936
3331,-12.49987,7.52684
1192,4.95078,52.25267
3921,151.34664,-33.51003
1188,5.74746,52.95862
1276,7.58874,50.23331
5442,121.93891,11.93923
1739,-0.56833,44.84742
1292,9.71644,54.33328
5192,5.307,62.15112
1365,6.75813,53.56117
5482,126.48128,36.39625
3420,49.17657,11.28907
3001,142.15522,49.64326
2537,3.41074,50.75069
2161,29.09441,40.95088
3601,52.99479,27.12671
1543,-0.01734,52.96849
105,-71.048,42.3639
106,151.20771,-33.96653
1193,4.29109,51.88177
5261,17.91352,69.50799
1417,6.95776,51.50251
6524,-55.3332,49.14756
3278,2.65533,36.62731
3275,-1.16573,35.57502
3239,10.68834,33.54101
1766,2.23604,48.82389
1822,1.59381,50.72811
825,22.97753,36.33856
2313,-1.8743,50.71378
1152,5.265,52.68611
3822,148.25177,-20.02392
6400,-123.32721,49.37987
2280,-4.48478,55.92983
921,5.9573,51.66891
6057,-85.022,45.2155
2102,28.04263,36.6863
2110,26.07524,39.83481
1572,-3.31052,56.03572
2910,27.97931,45.26579
1448,8.49646,53.34177
1262,7.99636,52.39901
2558,12.56199,52.42425
5378,11.78627,57.64814
5898,17.12402,48.13782
5121,6.4494,62.60801
2583,10.48288,52.31595
66,22.8092,37.9637
6055,-71.18525,41.70813
2815,14.99483,44.08348
971,4.77564,51.58899
5602,-23.19111,65.52881
5593,-14.009,64.78779
1368,7.56962,48.03322
5311,22.28918,70.59237
5310,5.9044,59.08972
5243,9.67182,63.68624
1406,8.79303,53.07943
107,8.54626,53.5687
5918,-122.62465,47.56067
6492,-123.46804,48.57595
1014,3.56753,51.39825
1796,-4.49008,48.37197
2816,14.22462,45.14429
5139,9.70257,59.05997
2808,14.83751,44.22596
2317,0.74691,51.64281
5970,-73.17422,41.16323
7078,-59.63161,13.10756
2286,-0.1884,54.08035
3834,147.39853,-41.0002
1239,4.17469,51.91095
1658,1.02413,51.80448
3848,138.5123,-35.01716
1617,-0.10624,50.8104
2776,13.76975,44.91795
1449,6.39098,53.2532
1985,17.98319,40.65468
1498,9.71386,52.41701
108,153.13253,-27.40676
109,-3.51276,50.4016
2470,-9.8919,54.25346
6387,-75.68479,44.58477
93,-5.13629,55.5774
1452,4.81008,52.67398
110,11.4353,58.3544
1627,-2.97841,53.35796
3076,29.69012,59.93786
5280,12.20292,65.47293
4005,151.22341,-33.54491
111,122.22664,-17.9711
2440,-0.58332,53.72434
2325,-2.87355,56.46345
1197,3.83268,51.75174
1173,3.91401,51.72879
112,-97.36977,25.96233
5217,5.6648,59.0369
2509,3.22442,51.22193
1035,4.09076,51.66938
5944,-72.60099,42.26383
1510,9.15979,53.90305
6162,-81.49713,31.14032
3817,147.2879,-43.14223
1536,-0.75262,60.42173
2536,4.33677,50.85025
2282,-6.3485,49.95097
5341,12.11352,57.24134
7084,-56.1274,-34.90806
3334,-10.05477,5.85783
1583,-2.95933,57.68156
2418,-1.42257,50.80087
6250,-68.79924,44.5715
113,19.0448,47.4992
5561,-21.77606,65.11028
5501,126.56591,33.23592
2872,18.84174,42.28077
7017,-77.06439,3.87163
6811,-58.355,-34.58585
1421,8.85949,54.12065
1432,9.51147,53.65385
1880,-8.78554,42.32831
5961,-78.89411,42.87836
2772,14.41305,35.95405
3478,56.14589,26.14883
4010,103.75341,1.2366
3764,130.49861,-3.10022
6426,-53.88123,47.80979
7031,-69.0262,12.1885
3918,147.97054,-37.8844
3931,153.36598,-27.07446
3841,115.64779,-33.31747
3826,152.35889,-24.86042
3882,151.15091,-34.08211
2556,9.55197,52.3976
3560,51.086,28.53566
1863,-7.34853,43.65501
2897,27.48808,42.4656
6535,-57.6074,47.60897
2316,-3.49936,57.70157
1202,3.75759,51.67561
1286,11.18873,54.41175
874,5.99307,53.1855
2148,26.9277,39.48586
6258,-73.22406,44.47566
1697,0.81458,51.62455
3836,145.9173,-41.0554
2425,-2.06794,55.84215
5968,-87.15281,41.64378
6361,-90.92108,30.1312
114,-3.23656,56.0551
4006,151.13326,-34.06504
2466,-2.91539,58.84291
1974,-0.06798,39.85999
3894,152.60999,-25.18295
2333,-2.9688,58.7386
5487,129.04707,35.10227
5535,128.79677,35.07165
3593,50.83263,28.99803
3988,115.33994,-33.6319
3546,54.66334,26.50767
5157,10.16351,63.31353
6654,-41.88667,-22.75119
6093,-70.62772,41.73692
3712,106.2403,-6.9509
6622,-34.83743,-6.98329
6887,-71.45617,10.36507
3366,12.19253,-5.54792
6751,-67.60105,-54.93111
6625,-42.01958,-22.87787
6944,-71.6613,17.9229
1904,3.28167,42.28459
115,-6.27832,36.5383
1762,-0.32852,49.18679
2270,-4.27963,53.14201
5416,124.66574,8.49308
116,9.08631,39.2229
4080,107.02744,10.54098
6852,-79.4694,22.5319
6880,-66.1806,7.64487
117,-5.02119,54.9678
3974,145.78224,-16.91575
6256,-89.16842,37.00757
2044,7.59774,43.7883
3292,-4.3705,35.14991
1925,3.4631,39.70981
3347,8.3217,4.97286
5404,120.79902,13.92169
1952,0.85105,40.92787
2913,22.92715,43.99779
118,1.85034,50.9689
5452,121.1913,13.4274
2049,8.37485,39.1131
6541,-90.40353,20.84732
6709,-73.12775,-41.77837
6710,-73.19609,-41.78997
6064,-83.774,45.412
6750,-70.82683,-27.05671
6746,-70.85292,-27.08251
2702,-13.5025,29.227
6725,-72.60372,-42.55743
6743,-72.64343,-41.69108
6793,-67.498,-46.4732
6719,-72.64711,-41.73716
6747,-73.32134,-47.9348
6545,-87.12586,20.57294
6924,-77.15537,-12.05588
3962,153.13014,-26.808
6116,-87.52652,41.73671
1752,8.76238,42.56419
4081,107.29907,20.98797
1961,-9.18108,43.12634
6778,-65.7083,-44.8022
6119,-122.4039,45.57932
6704,-48.60408,-27.0012
1864,1.06256,41.06236
3113,40.1947,40.9224
6306,-93.32541,29.7945
6652,-40.83921,-2.89788
2689,-5.38096,36.17096
6775,-58.95923,-34.15388
119,-5.58825,55.423
6595,-90.54724,19.8453
2750,10.74982,45.75148
4076,105.79214,10.05237
7186,26.4028,40.15471
6627,-47.92429,-25.01631
6421,-65.9781,45.20605
6619,-38.94179,-15.68342
6607,-86.8046,21.18648
2687,-16.3659,28.35895
1820,3.03715,42.70303
1884,-8.78306,42.25755
1597,-6.4921,57.0554
120,7.025,43.5435
6513,-60.99354,45.33878
1676,0.56296,51.50701
4163,118.58155,39.01367
4156,121.49378,30.78763
7071,-72.197,19.7545
3362,8.71871,-0.62973
6444,-61.85232,47.37763
3281,-14.49557,26.11545
121,-80.6148,28.4102
3847,113.39775,-24.22176
3912,139.69893,-36.94217
3951,138.09331,-35.60599
6318,-74.95893,38.96742
3335,-7.72649,4.36842
3866,116.19386,-20.8291
122,18.4356,-33.9095
7040,-61.22098,15.8891
3369,13.1751,-8.88775
2486,-9.49854,52.62729
2036,14.2422,40.5568
1861,-1.89317,36.97655
2117,26.71121,40.37966
6836,-81.19451,23.05296
123,-3.16981,51.452
6461,-75.37144,44.78805
3961,151.32174,-33.61254
7098,-61.60751,10.68617
1713,-1.23301,49.31199
1922,-7.8664,43.736
2082,8.31264,39.1438
3964,113.64589,-24.89821
2273,-5.98842,54.99378
1847,3.97369,43.54403
1428,7.80186,53.69105
1781,5.01494,43.40309
1956,-9.015,42.51928
2429,-5.81002,54.70992
7163,-75.53787,10.38913
443,-0.9826,37.5868
1823,-1.78859,49.37287
1978,-5.39861,36.17737
6170,-85.95363,36.24746
6862,-63.2467,10.67544
6960,-68.903,18.39841
3290,-7.59532,33.61479
3312,-17.03524,20.81746
2727,-9.41675,38.69241
7122,-61.13895,14.64106
6834,-79.99093,21.75132
2058,14.47317,40.6969
1923,0.02134,39.96082
2083,8.70116,40.91362
1614,-7.4898,56.953
2351,-4.6504,54.07339
2478,-9.90719,51.65089
7169,-61.00138,14.01543
6757,-73.75824,-42.48409
2767,18.42594,39.99954
1955,-7.03098,43.52936
5448,124.00393,12.00406
2037,15.09748,37.49166
2760,16.63311,38.82645
6321,-82.83628,41.58763
6180,-123.38873,46.2013
6883,-67.03254,10.61281
5401,121.94831,11.9286
1744,0.72494,49.52386
7019,-88.02212,17.74226
6980,-52.33422,4.94666
5456,123.92163,10.29671
6019,-76.31293,35.01966
2688,-8.06744,43.65702
6825,-77.32647,20.22769
3700,114.83607,-8.19052
3125,27.32933,40.4236
2903,28.0367,44.32439
58,26.2939,38.326
1954,-5.3132,35.8936
3122,35.92007,36.85227
3584,60.5987,25.31864
6733,-73.51354,-41.82733
7106,-61.64286,10.67397
6614,-96.11978,15.75008
6734,-72.72107,-42.91297
472,27.61532,36.22194
17,23.5998,38.4466
779,23.7351,38.33299
7097,-91.92082,14.29496
6769,-70.63833,-26.34955
6922,-77.27457,-11.58325
4144,120.72021,37.92248
4013,103.99429,1.39191
4122,121.32903,32.44892
4102,120.97629,31.76693
4159,121.33013,39.50582
4103,120.0165,31.96647
747,24.01673,35.51853
5935,-88.18904,41.4247
5914,-119.22413,34.1645
6528,-71.16104,46.83272
4149,117.1057,23.55941
3533,54.28263,26.72372
2539,4.43892,50.40597
6125,-79.90396,32.77164
7091,-62.63175,17.13673
1687,-3.50216,56.03429
6193,-85.25464,45.31762
6507,-63.11957,46.22991
1696,0.54209,51.40157
6051,-85.31295,35.05756
2656,-1.82238,48.87267
3077,143.2909,52.4834
3082,132.35624,42.89919
3205,11.1606,35.2304
2996,47.25945,56.15125
6297,-84.47186,45.64718
6964,-59.65227,13.28476
4187,113.94221,22.30801
2987,141.96563,47.45105
3156,35.71129,34.31495
4054,174.73718,-36.82333
6098,-148.00808,60.06285
4211,119.79441,34.42928
3639,80.30253,13.10182
5473,126.85539,34.17916
2438,-2.67252,51.64622
124,-1.61984,49.6535
3265,2.1908,36.61253
2986,37.80262,59.11431
2960,32.10441,49.4387
6047,-122.76052,48.86103
6002,-76.06175,39.20702
3279,7.385,37.06686
6542,-88.29685,18.49026
6150,-122.40936,37.92432
4807,140.07997,35.59271
4850,133.0438,36.00916
6024,-87.60108,41.88151
2457,-0.82251,50.8044
6857,-68.26741,10.92572
4855,135.13444,34.06415
4816,139.39805,35.31488
4373,139.96377,34.95734
6939,-78.56687,-9.11832
5996,-75.37749,37.93523
2074,12.28641,45.21869
63,26.1409,38.3695
1862,-6.4292,36.7473
6895,-82.1116,8.94965
4962,129.37326,34.40547
4641,136.92312,34.7657
3665,91.81661,22.23466
4158,113.88427,22.46012
4752,141.90693,40.01162
4256,140.0069,42.6873
4130,117.47632,30.6841
3299,-4.93561,35.32737
4477,131.00805,34.00608
4876,140.80006,41.29328
5863,129.79052,41.75737
2948,32.6953,45.5128
2924,30.6572,46.33832
4462,140.84995,35.74047
2259,26.50701,37.62644
2261,25.70003,34.87775
1589,-1.75075,50.7222
7167,-64.70592,17.74878
4608,141.39567,41.10326
1837,-1.6692,43.39053
2108,32.97997,41.89947
6844,-80.47217,22.12285
3698,109.02512,-7.73482
3708,106.11294,-5.9688
1946,-7.59927,43.67999
6345,-84.51359,39.09248
3738,108.57556,-6.70729
2771,14.33098,35.98865
6737,-72.68701,-44.72702
6869,-63.54324,8.14744
6816,-58.85034,-27.46354
6863,-71.33553,10.19063
1911,3.82572,39.9933
1993,11.76989,42.10436
3739,105.97242,-5.9929
3821,115.77822,-31.98948
6495,-53.9582,48.16708
6500,-65.63425,43.44304
5953,-87.36478,36.52893
515,20.76294,38.94913
3957,153.27874,-27.51439
6280,-81.69925,41.51228
1849,2.29642,48.90736
1670,0.45271,51.46369
5949,-122.34802,47.97319
2498,-6.2226,53.7984
6697,-63.1417,-4.08057
6588,-94.4086,18.14774
6523,-78.16586,43.95345
6858,-63.99124,10.79193
7100,-77.93581,25.81886
6682,-62.06406,-3.84436
5926,-88.23816,30.38104
3394,25.69318,-33.80404
1319,7.65884,52.00367
5004,6.73403,52.65945
6267,-73.78697,42.48056
6235,-81.15374,31.93488
3907,153.14723,-30.30835
3358,9.68924,1.08309
6907,-81.69624,7.50068
6937,-78.62516,-9.0189
1888,3.15794,42.40468
2347,-6.67461,55.1436
3850,148.29113,-42.12914
989,3.84787,51.60304
1859,-3.46269,43.39522
1549,-6.52071,56.61442
2336,-1.93153,57.34671
6404,-80.22653,44.51286
3267,6.57194,37.00351
3662,79.83694,6.95639
6910,-79.89006,9.37186
6918,-79.89139,9.36061
6990,-57.84392,-34.47709
6713,-70.46513,-23.75558
6128,-89.11823,36.75635
1968,1.52624,41.17754
6413,-54.01324,47.79926
2666,3.00212,50.76467
6779,-67.45752,-45.85563
3322,-13.71665,9.50185
6668,-44.1653,-23.03641
6804,-58.21999,-32.48195
6754,-71.53907,-32.92867
6786,-58.00544,-31.4064
2661,2.08117,48.98902
1871,-6.13631,36.29368
5985,-80.5534,41.97498
125,28.6714,44.1231
6902,-79.03484,8.63489
2062,8.21337,40.59439
6527,-73.24376,45.85668
6224,-90.83296,30.01677
2458,-3.83825,53.29163
3944,115.75879,-32.10172
3886,145.24956,-15.45891
7051,-64.51458,18.386
126,12.6061,55.6987
6721,-71.33324,-29.94811
7050,-73.89008,18.56916
1870,-9.18351,42.94239
1804,-1.8852,47.2769
6030,-145.76911,60.54775
2684,-6.04855,37.28336
2766,16.52469,39.66911
3855,145.42332,-38.40704
127,22.9842,37.9341
23,22.9388,37.9431
6994,-87.16617,12.48394
128,-8.39698,51.8774
1936,-8.9639,43.26299
6423,-57.94261,48.96262
6406,-74.71016,45.01404
5458,120.20617,11.99242
6741,-73.16234,-37.03408
1548,-5.13444,56.84038
129,-97.38304,27.8172
6717,-73.42302,-39.88326
2706,-13.86077,28.73939
1631,-5.24235,56.72265
1931,-8.37359,43.35954
6558,-87.68791,18.72987
6623,-34.85455,-6.97085
3343,2.43092,6.34374
1776,-0.45957,49.33541
6252,-70.13832,43.75137
2733,-9.14432,38.67059
6101,-97.07308,27.99022
6081,-76.38356,38.40327
7152,-75.68997,9.41321
3823,145.24014,-38.44631
130,-1.29237,50.7543
7007,-87.62763,13.30868
131,-86.9635,20.5023
6219,-133.14685,55.47965
2334,-5.94797,55.83439
2349,-5.70073,56.47146
2341,-5.55914,56.21229
2428,-1.58947,55.47309
3902,115.82549,-31.984
2778,14.40716,44.95437
2360,-5.56355,56.09139
6909,-79.90967,9.34637
6376,-122.21984,38.05842
1605,-4.03783,57.68393
3874,151.1441,-34.06855
2000,17.13385,39.08576
7119,-64.79884,18.33244
6173,-82.70476,28.95601
1158,5.85299,51.75254
7141,-61.01802,13.98564
6973,-65.30104,18.30175
5003,5.21858,51.96203
2330,-2.81959,57.69798
1967,-0.25646,39.162
1671,-0.99515,60.69837
6865,-64.13729,10.47813
1579,-4.89715,55.78571
6691,-44.4326,-22.97203
2315,-6.03882,55.12587
1805,-0.66656,45.12382
6304,-90.3362,29.54173
132,8.70959,53.8675
2421,0.46355,51.37299
3809,147.0867,-43.17484
4202,113.85286,22.53362
4075,108.21919,16.09868
5541,126.50993,36.33056
5484,128.4276,38.50087
5538,126.37917,37.02688
4204,120.84061,33.25832
549,24.22093,40.21378
1283,8.6878,54.7317
1603,0.14237,51.51434
7191,72.50746,21.65885
4620,129.6969,28.49029
3319,-17.4275,14.681
3302,-15.94321,23.66197
5453,121.6275,13.9017
5318,5.51482,59.51768
6727,-73.65483,-42.38302
1487,6.25951,52.50248
6452,-79.2695,43.19716
4185,121.69445,38.94924
599,20.1332,39.23669
3516,52.32412,24.47009
133,149.29766,-21.2655
5634,22.5079,60.0146
5700,-6.67195,61.78352
5591,-18.52715,65.97299
3177,31.75825,31.46738
3445,50.16472,26.49736
1364,10.02769,54.58207
134,116.74259,-20.62726
6085,-117.69418,33.45627
5423,123.55683,10.81723
3373,13.36642,-8.56664
4092,124.16323,39.77486
5390,121.5319,12.59143
5483,126.5065,37.06422
5439,126.04925,9.75444
5433,123.38401,8.63668
3427,39.29288,-6.82178
3576,56.06944,26.97209
5791,16.37489,54.44034
1708,-3.57328,50.35526
3870,130.80389,-12.43267
3490,52.86457,25.16604
3108,27.6893,36.7249
2113,27.61686,36.77046
6359,-88.08102,30.25191
5429,125.66118,7.11425
5387,125.48538,6.96225
5979,-90.57662,41.51606
5999,-71.4005,41.60502
6041,-84.45887,39.11698
3151,35.58152,33.93505
1058,5.21899,52.41798
1222,6.68386,53.11698
1151,5.39496,52.25673
1049,4.93224,52.88507
1056,4.27377,51.61238
5017,4.7885,52.23765
1052,5.53183,52.27013
1057,4.96911,52.23819
980,4.96422,52.24934
1232,4.29349,51.75743
1053,5.12798,51.77625
6247,-83.8969,45.99264
1245,5.9484,53.09744
912,4.97808,52.22465
3034,140.78303,51.45981
2312,-1.30258,50.88301
6104,-87.00449,34.63171
5854,14.20953,50.76718
6076,-88.09842,30.52732
5008,5.67241,51.89399
2377,-3.82687,53.29105
1295,12.96462,48.823
7041,-52.27786,4.85322
2521,3.52222,50.98759
5058,5.13651,61.93013
6299,-75.58635,39.58047
1129,4.44618,51.90612
947,5.82427,52.87396
1082,4.35767,52.00449
135,6.92409,53.3214
3257,3.9175,36.91442
705,25.26443,37.3977
136,4.78668,52.9589
872,5.03764,52.93751
1007,3.89372,51.74194
1177,4.28065,51.71938
5760,177.38339,-17.77088
137,0.11612,38.8425
3846,114.9189,-29.2726
2875,18.60115,42.43264
2582,11.99294,52.42268
3930,123.60799,-17.29172
2119,29.82475,40.74612
3202,22.65541,32.76252
497,22.37519,38.14231
7099,-61.79622,16.30488
2511,5.11872,51.22619
6274,-83.0701,42.31385
1479,6.1551,52.25013
4053,174.79328,-36.83253
3893,146.36529,-41.17343
3649,86.96988,20.82547
3137,33.73537,34.97825
546,27.21261,35.75593
487,22.20258,38.19678
6785,-60.64642,-32.05818
2011,8.08606,43.90897
3514,56.29031,25.6135
6003,-88.89276,30.42225
2162,27.26368,37.33616
1828,-1.86265,49.55251
1840,1.08485,49.92864
1759,1.02004,49.42243
1241,6.34071,52.84605
3634,72.9741,18.26541
2112,26.88427,39.07007
3019,80.5088,73.50604
728,23.67686,38.34113
5849,125.57628,-8.55158
2167,29.53663,40.76354
6075,-158.46821,59.03592
2660,-2.03731,48.45767
982,4.37951,51.65225
5039,6.17044,58.83822
1330,7.28225,53.31717
3561,54.5723,26.57653
3506,52.40561,24.95064
3247,5.89194,36.82844
3430,43.12628,11.61172
5207,5.1794,61.911
5570,-14.27896,64.65929
2217,11.69819,57.98997
2926,31.9385,46.771
2961,35.06321,48.46919
3803,134.21662,-5.75549
5511,126.46278,33.50633
869,6.13668,52.01156
996,6.28557,51.96504
5833,51.54737,25.30644
1476,5.99784,53.32263
1957,-8.68244,42.28433
2825,17.15089,42.95193
5348,12.60432,56.11668
854,22.95032,38.21782
2400,-5.53178,54.64481
2479,-8.11304,54.65207
4193,113.6057,22.92725
138,-2.09236,47.3068
5499,129.13947,37.49819
4206,119.80701,35.59535
4201,117.50497,23.75452
4135,118.96448,38.08741
70,25.7946,37.0982
5374,11.79277,57.59932
6301,-86.97568,45.29102
1491,4.63525,51.79248
1378,7.67776,52.22098
3400,18.23306,-31.81497
1444,6.85127,51.08078
1282,7.36733,52.9717
1309,6.98471,51.66328
1363,7.43588,51.54693
3117,36.13752,36.83756
6544,-93.19219,18.44644
3353,9.6895,4.05578
1736,-4.3328,48.08883
3992,151.24334,-33.86751
6016,-86.20459,42.65127
139,-4.47047,54.1469
4138,113.33915,22.26205
140,1.3283,51.1206
2322,-5.64704,54.49012
5507,127.135,34.52368
941,6.05771,53.10667
5093,16.07858,68.04837
141,12.6812,55.5927
5130,10.2129,59.73881
5595,-21.50192,65.69066
464,21.84567,38.33869
1350,13.74383,51.05373
1029,5.81713,51.96399
1081,4.81232,51.70952
1655,-5.98264,56.61263
2911,22.63352,44.61719
142,-6.35051,53.7138
1042,5.71421,52.53165
744,20.82032,37.8402
6290,-83.87998,45.98839
2434,-4.89058,54.69249
4007,151.16768,-33.85393
5020,5.60129,51.89799
2789,17.24742,43.15394
3448,35.544,27.5606
3436,35.7377,27.31943
143,55.2753,25.2717
3522,55.13944,25.0788
144,-6.2199,53.3504
2826,18.07506,42.66653
6140,-90.64877,42.50381
2968,86.1518,69.40317
1988,13.59871,45.77342
1377,6.72098,51.45144
6122,-92.08444,46.75038
5409,123.3113,9.3108
3705,101.45698,1.68847
5422,122.7063,10.77482
145,-6.13217,53.2999
5761,18.94591,46.97104
5772,18.96248,46.90722
1699,-2.9911,51.16284
2371,-2.51601,56.00567
6484,-125.28828,50.07667
6380,-76.53734,39.24172
146,-6.39947,54.0109
1681,-2.94269,56.46316
4056,170.52537,-45.87852
4083,108.78628,15.40691
147,2.2637,51.0406
5923,-79.3397,42.49179
2492,-6.99026,52.1483
148,-4.9215,55.946
2463,-5.43379,56.45206
2287,-4.75983,55.4075
3984,153.39983,-27.50331
149,31.0257,-29.8786
1201,4.99121,52.37701
2885,19.45331,41.30792
150,5.66855,59.0006
1391,6.74302,51.22655
151,-166.54457,53.88048
3386,18.42663,-33.67709
2396,-3.12401,56.1219
6961,45.25725,-12.78045
6570,-88.8802,21.39484
6174,-74.04746,40.45611
1183,5.94628,53.13129
3929,136.67437,-12.20391
2277,-5.64314,54.41416
3388,27.90321,-33.02427
1584,0.33145,50.78855
1215,6.05529,53.17525
3213,11.06517,37.04097
6070,-85.47661,30.03183
152,-2.94974,53.3212
2379,-1.03109,50.79712
5925,-66.99852,44.89189
2601,10.66341,56.15347
946,5.82233,52.87271
1440,9.85664,54.46456
963,5.05261,52.51253
3853,149.90573,-37.07326
6176,-122.3901,47.8124
2241,11.22884,58.71305
900,5.32931,52.25348
154,6.83678,53.4518
6225,-157.37947,58.21609
5203,5.99545,58.45105
5238,5.65397,62.32223
2399,-2.94428,59.15435
7004,46.9663,-25.06385
909,6.01946,53.24226
5045,7.45678,62.92281
5276,7.06462,60.46807
5674,-7.09186,62.29691
4968,134.9111,34.67494
5173,5.55317,60.70005
3165,34.95312,29.53871
999,5.4797,51.44435
5662,26.3037,59.56931
5373,15.63652,56.10166
2699,-3.81543,43.40199
7123,-83.69398,11.99572
2686,-16.32628,28.40043
3166,29.80606,31.14641
3243,2.89843,36.79945
1858,-8.22902,43.47194
6888,-64.06342,10.86667
3286,-8.4992,33.25659
3294,-4.66667,35.20833
3253,8.44102,36.89874
3260,0.91187,36.40264
3262,3.23077,36.80587
1935,2.3126,41.4757
6613,-115.18201,28.04514
5455,119.38784,11.18165
2685,-15.66775,27.75227
6878,-68.13616,10.49885
1876,3.2011,42.33907
2691,-7.11569,37.21409
6594,-116.70383,31.89413
3174,33.61528,28.22999
663,22.9829,36.51025
993,5.53983,52.92665
616,22.80029,36.75286
5796,19.39039,54.16637
956,5.82653,52.45356
1458,6.35394,53.31392
4,23.5213,38.0334
536,24.318,40.84819
6323,-79.89395,40.26962
3062,132.77701,42.87053
6186,-85.41443,44.90055
155,-2.88453,53.2878
1000,3.81754,51.38535
5041,6.33133,62.4913
6319,-119.92333,34.4306
5095,7.13147,62.84878
786,25.72344,35.26344
1349,8.46549,53.23589
3534,50.24859,29.83391
156,7.19727,53.3496
1366,6.23966,51.82972
6284,-89.57066,29.37465
1877,3.13513,42.24648
2355,-0.93283,50.84338
4712,140.96057,36.96813
4687,135.10788,33.99165
4738,141.78223,44.72276
3694,121.63991,-8.84483
2607,10.27304,55.76258
3131,26.052,40.6984
5158,10.73502,59.25249
5254,10.53531,59.68361
5063,17.12727,68.92558
2520,5.39207,50.57564
157,-61.7638,17.0088
158,5.2958,52.7005
3624,80.344,13.263
5749,14.50268,48.22736
4230,139.13884,35.19257
973,6.89337,52.22011
159,-116.62335,31.85254
726,20.92647,38.64765
855,22.23183,38.35761
2097,27.792,40.39263
3097,31.40801,41.27649
2163,27.98335,40.98393
512,19.57899,39.87743
3102,31.9007,41.5244
692,23.79594,38.38784
1652,-7.31092,57.07187
1644,0.17361,51.49514
2577,9.15996,49.7989
3969,151.05812,-33.8239
800,23.25149,37.38701
5743,15.9364,48.34004
5125,17.3866,69.4801
3203,18.36818,30.63598
4735,131.64431,34.64577
4648,140.12137,41.86991
160,8.42904,55.46118
6097,-87.05057,45.75853
6798,-58.72935,-34.24676
444,-0.96617,37.5698
3345,5.20055,5.60825
5599,-14.02369,65.07166
2135,29.42407,40.76537
7088,-79.64419,0.99056
161,121.90037,-33.86481
6412,-123.43113,48.43482
7074,-77.1312,17.88796
3301,-9.77436,31.5086
2724,-9.39864,38.70136
5763,18.73081,47.79257
4324,132.49504,34.24774
5201,5.92789,59.66631
4337,132.96994,35.52752
4873,138.22322,37.83717
3968,151.35326,-33.49972
6268,-124.18467,40.8004
6230,-87.58392,37.97291
1574,-4.2826,57.66324
76,26.1825,37.6313
6045,-122.23075,47.98651
2126,29.7118,40.7722
1557,-3.42577,50.61646
3831,114.14152,-21.95684
5161,8.8806,58.49661
2437,-2.08955,55.87448
1220,6.14795,53.35906
2326,1.27565,51.84448
2626,10.23809,55.09145
1535,-1.60367,59.53974
6039,-73.98114,40.80918
5989,-70.90902,41.63489
6381,-87.91692,30.5251
6046,-74.75474,40.13815
6259,-81.28012,41.75874
7159,-65.63013,18.33672
5771,18.90608,46.42738
3730,132.30751,-2.93507
2004,13.38486,43.64405
493,28.20749,36.33589
447,23.6665,37.9395
162,12.497,56.8999
1567,-5.06376,50.15821
7066,-61.77449,17.01943
7101,-77.64666,18.49169
3138,33.94737,35.13206
5678,-6.88343,61.52396
465,25.12832,40.96224
4088,108.37053,21.58778
2629,8.40954,55.45048
584,27.089,37.29068
163,19.0595,57.8647
5252,6.80917,58.09381
5589,-14.00759,64.92683
164,-4.82044,56.0618
2155,37.4901,41.044
6123,-122.39763,47.52389
5240,15.40946,67.25388
2050,12.32323,37.93345
165,-1.33165,50.8395
2798,13.8018,44.92732
1803,0.37224,49.76187
6791,-57.90887,-30.99423
5265,4.71308,60.78303
5379,19.16721,59.74405
166,1.29957,51.9589
4178,121.2326,36.68105
2489,-9.86124,52.27075
2928,35.39425,45.02947
3535,52.56096,36.70071
5948,-122.7193,48.82514
5337,6.33201,62.37597
5191,14.76476,67.43865
2137,29.10487,36.63366
5377,16.55853,57.37476
2728,-8.8566,40.14621
2072,14.58147,38.56287
5166,8.98317,63.60843
2763,8.35181,44.16854
2433,-2.90431,57.69864
2106,30.15123,36.29417
167,-4.84044,56.1144
5224,17.97048,69.23568
3523,48.12974,29.17064
6763,-72.5239,-42.547
1299,10.21487,54.40285
1516,9.37436,54.15282
2278,-1.2126,50.73468
2366,-3.06739,55.94584
1654,-4.97508,52.00767
1547,-5.80934,56.5157
5090,6.00115,59.11781
5061,6.28109,62.44091
5089,14.82615,68.43048
2189,11.27395,58.35577
2076,12.21926,41.76743
2253,11.27814,58.5995
5198,7.1237,60.864
6978,-85.78682,10.43987
5594,-23.50634,66.04797
5100,5.25336,60.53455
1695,-3.01096,53.9175
5091,6.65563,58.29197
168,9.43379,54.7996
5168,15.92062,68.67318
932,5.45917,52.55298
1210,5.63607,52.38372
3958,145.02781,-38.47514
3865,148.24404,-40.2164
169,23.6831,37.9345
2460,-0.70209,53.6191
170,5.02985,61.60221
5223,5.24287,60.41284
1664,-3.13265,58.83872
2149,26.74554,38.67047
727,24.87786,37.39696
807,21.80621,36.80588
2268,22.96906,37.07057
3057,132.40814,42.93405
5773,18.89842,46.54121
27,24.9502,36.6133
1599,1.19212,51.07812
5233,11.10873,63.98204
7086,-61.33936,15.94194
2348,-1.28146,50.733
7182,43.75674,-12.28976
5320,4.9719,60.80993
6481,-69.05169,48.73622
2001,13.85785,40.73984
1970,1.41936,38.73383
2048,13.61379,41.25444
1992,8.2383,40.98639
5031,6.08876,58.90218
3959,152.50787,-32.1804
7063,-61.05292,14.58975
5958,-74.00811,40.4655
171,-80.10904,26.11834
7026,-71.83417,19.66723
6100,-76.68198,34.69843
1692,-5.11406,56.81862
6674,-38.49933,-3.71626
6663,-37.79315,-4.45254
2426,-4.13271,57.57866
6422,-55.82765,47.07611
5225,5.75242,58.89801
5181,12.45857,65.71421
172,4.89515,43.4007
5267,5.63986,62.34065
5359,11.65435,57.66708
1738,-1.09483,45.98343
6317,-90.21504,29.12146
708,26.47796,37.57766
2382,-4.63655,50.33342
2495,-9.10563,52.61353
1905,-7.24496,43.56916
6398,-56.74061,47.57663
1480,5.53802,53.18183
6118,-86.23534,44.62973
1515,8.68446,50.10876
3810,153.0274,-25.38932
6433,-122.91314,49.1893
173,-1.99943,57.6916
6968,-58.3085,-33.10975
174,9.74508,55.557
6087,-93.52859,46.12986
2603,10.54766,57.43491
7171,-64.88768,17.71302
2636,12.0022,55.96037
5288,10.94854,59.18862
5169,13.17041,68.08247
7132,-78.77423,26.52312
6175,-86.13716,30.48811
175,-95.33232,28.93849
1506,13.73237,54.13735
1345,9.29087,53.82458
3908,115.73659,-32.05955
3937,145.27076,-38.38376
3816,115.77485,-32.00265
5738,16.47204,48.17563
6106,-123.01327,48.53664
1313,8.87959,54.00154
1311,9.0895,54.37982
5328,8.80508,63.63902
775,20.66473,38.45991
6612,-92.65531,18.53029
1950,-1.79073,43.38018
1429,7.68707,52.04599
5695,-6.81211,62.23944
4534,136.84118,34.7653
3510,56.36416,25.14916
4569,145.20115,44.01887
4388,130.78694,31.59864
4940,129.81395,32.68515
4629,132.598,32.94468
4293,139.92421,40.6484
4372,131.18123,34.38058
4582,135.13786,34.32282
4367,141.44515,38.35057
4325,137.90408,34.66436
4905,136.11724,36.20364
4634,140.259,41.4771
4824,133.44657,34.42869
4481,130.08585,33.50632
6463,-123.453,48.7696
4935,139.96294,35.65827
4831,141.03281,45.44713
4828,141.50994,38.53441
4484,129.72464,33.41335
7190,-16.90542,32.6432
5705,-6.93484,62.2394
2857,13.59792,45.17822
4303,140.64006,43.27415
5357,18.92658,59.66252
4375,137.08937,36.78643
4791,130.12997,32.54782
4354,138.26236,37.97808
3749,102.40015,0.82168
4565,140.80557,41.32717
5832,51.3615,26.0661
4219,119.27674,25.98861
2632,9.98696,54.9956
906,5.54224,52.96478
3222,10.1108,33.91479
2091,13.57519,41.22204
2732,-8.73937,40.61389
486,20.19112,39.20321
5514,128.51164,38.36681
622,22.38734,38.37975
2905,28.04718,45.42438
6639,-36.2758,-5.09538
3660,80.22915,6.02703
6298,-90.30054,29.44225
2450,0.06909,51.50593
2034,17.98032,40.05848
1591,-6.12503,56.87932
6308,-94.79552,29.30993
176,-9.05115,53.269
4823,137.22953,34.80938
3236,10.3111,36.92071
5680,-6.81786,61.96138
5326,28.25828,71.0622
3597,50.50565,29.55765
1917,-0.14994,38.9954
3653,83.2405,17.6246
6487,-123.4928,48.8524
3403,19.3426,-34.58416
4224,119.19714,34.83439
1068,5.91803,52.57499
4220,119.85348,32.28861
4137,112.89026,22.90548
5405,124.30806,9.61522
2295,-2.33708,57.67418
2446,-4.36442,54.78886
928,6.4942,53.30385
3717,119.61023,-4.3711
5352,15.47618,56.10162
1903,1.90049,41.24962
1971,-1.81718,37.18307
1628,-2.90836,53.34769
6004,-87.31991,41.6257
3604,54.8515,26.5209
6496,-64.43973,48.82498
1734,-1.27841,49.69379
6438,-55.90161,47.60745
641,24.11799,34.8473
177,17.1869,60.6833
2801,15.25502,44.09074
3325,-12.38748,7.8053
178,18.65866,54.3812
179,18.5388,54.5352
2146,29.37963,40.75342
2639,11.92624,54.57179
180,144.36911,-38.1147
931,3.76199,51.55471
871,4.85244,51.70022
1512,10.3588,53.42958
3857,147.34006,-42.83991
2575,8.47489,49.7541
5071,7.20193,62.1028
5295,5.06779,60.39288
2085,14.24763,37.03823
3069,38.04557,44.56976
2141,26.6705,40.40447
1115,4.84618,51.93948
1384,7.66441,52.01738
1418,7.0797,51.54141
2116,29.09996,40.41989
1003,5.09364,51.73139
942,6.04814,52.62468
6780,-56.94745,-36.3986
5421,125.17011,6.08289
2549,5.50002,50.93745
1120,5.96828,51.68395
181,8.86222,44.4033
182,3.73881,51.0805
3361,8.78887,-0.70577
6133,-81.2575,29.76791
3989,115.39058,-33.6324
5521,128.45929,38.44578
7083,-58.17356,6.78918
6356,-79.28494,33.36164
3812,114.60112,-28.76856
1195,6.2114,53.23709
1361,8.38362,49.22422
2136,35.20113,41.79868
1893,-2.19903,43.30477
3493,56.07308,26.00033
3498,54.8509,24.89429
3227,10.22994,37.15453
3271,-1.86388,35.10403
3617,72.28374,21.68576
6827,-76.12776,21.10604
183,-5.36269,36.1475
863,6.05451,51.99855
1464,6.07702,52.73058
1984,10.92084,42.36017
1962,-5.66816,43.54592
3757,114.43518,-8.16108
184,12.3108,56.1272
2393,0.56077,51.39718
1542,-3.1587,58.63989
185,15.9006,38.4454
2125,38.38124,40.92084
2335,-4.86129,55.24517
4059,178.0225,-38.67383
2915,25.9852,43.89041
5870,28.20211,45.47046
5815,156.84188,-8.10085
5270,12.99222,66.61482
5098,5.91926,60.06283
5183,6.13583,62.53348
3859,151.25051,-23.81975
186,-4.30321,55.8637
1555,-2.84924,54.00009
190,-4.81865,56.1293
2401,-5.95046,54.96965
3917,138.51352,-34.9729
1674,-5.53504,56.56577
5133,13.92723,66.8071
2208,12.35061,56.92952
856,23.61531,39.16483
2384,-2.2525,51.86326
1269,9.41153,53.785
672,22.96933,38.95189
696,23.74523,37.859
718,22.07604,38.38019
5684,-6.72699,62.12426
2098,28.9365,36.7461
6409,-67.58928,49.32298
6518,-81.73269,43.74585
1521,6.98515,50.84823
903,3.89256,51.50852
5472,128.58616,34.92403
1466,5.7708,53.0114
4785,136.70135,34.34368
2169,25.9538,40.2283
6322,-90.25904,29.38098
2891,28.05282,43.30106
413,7.0783,43.564
1994,9.62155,40.99311
5851,31.01991,52.43828
5518,128.5139,38.35362
5776,17.77748,47.7352
6375,-90.40395,29.9883
410,-0.8736,53.7008
1136,6.59269,52.22626
3387,18.85912,-34.16447
3320,-17.39793,14.66976
3118,39.00637,41.03537
5019,4.97296,51.83459
3070,132.01204,43.11247
3720,123.06094,0.50695
3056,29.96307,60.03087
3824,151.33626,-33.43531
1541,-1.11539,50.79575
380,11.9634,57.7121
7087,-68.38337,12.2185
1477,4.69255,52.00679
1122,4.2768,51.79397
3246,1.9086,36.57634
2321,-2.28658,56.82709
1682,-4.81134,55.96139
1813,-1.94488,49.71479
580,25.30216,35.33589
812,19.85138,39.65122
5810,50.07715,40.34788
6782,-59.26879,-29.13726
4800,136.76911,34.27801
4616,140.65734,40.98463
5353,19.02974,59.76693
1635,-3.26606,58.93111
1069,5.92727,52.58114
2673,-14.02477,28.20557
7012,-85.93904,11.92986
7140,-61.31671,15.88017
1851,0.99268,49.36135
6126,-86.22468,43.07105
6520,-66.74869,44.76049
7042,-71.14783,21.42968
1764,-1.04855,49.38828
6529,-70.83105,48.40216
5464,120.27707,14.81637
379,-3.69856,56.0252
2475,-7.16755,52.27655
2387,-3.22301,55.98662
1733,-1.60172,48.83128
5740,15.14409,48.21366
2196,18.46176,60.34584
1179,5.73816,51.75922
1610,0.37763,51.44503
5182,11.03219,59.26303
5998,-87.82915,42.30703
337,1.72692,52.5916
3606,55.32494,26.26481
6295,-88.01731,44.51674
2497,-6.98486,55.2025
1615,-6.10119,54.03839
296,-4.74037,55.9499
273,-6.13208,54.0351
1380,7.10384,53.50481
272,10.9281,56.4128
7046,-61.62022,12.12253
3800,112.66083,-7.1382
6453,-57.10097,47.58836
4048,171.20325,-42.44516
2499,-6.0649,53.1513
1315,13.33283,54.17068
1287,8.60558,50.08991
2559,6.31914,51.78751
260,-0.06824,53.5786
5581,-18.01398,66.53775
5143,8.59734,58.33811
5583,-22.42731,63.83627
608,26.56275,37.30019
1779,-3.44661,47.64448
1395,10.96102,54.13875
2197,16.39519,56.26608
1223,6.56757,53.21874
2465,-5.61909,54.67766
1486,4.81416,51.92486
1386,8.94496,50.08692
2576,8.48265,53.46648
1420,8.96293,50.07971
2180,11.68688,57.69473
1091,5.84048,53.09752
1886,-8.85903,42.49704
5347,13.1262,59.3431
5601,-23.24983,64.92495
5556,-21.77208,64.35672
2175,11.41703,58.21526
5170,17.05855,69.3648
6664,-36.31856,-5.10617
6969,-85.89057,16.44596
6720,-71.43039,-30.19333
4216,113.12088,22.21963
4164,116.7741,23.2225
4145,113.25242,23.07323
7158,-66.90804,17.96247
6890,-64.59479,10.24838
6853,-75.15205,19.91963
6871,-70.21899,11.67857
6632,-48.32965,-25.30136
6641,-48.58666,-25.87285
6817,-77.61977,20.68504
6723,-71.35636,-29.97067
7043,-61.00237,10.14003
6867,-62.66368,8.37552
7032,-66.76572,17.98993
7060,-79.86936,-2.18636
6599,-110.86336,27.91021
2620,14.97161,55.21348
5119,6.84496,60.8823
237,-2.53087,49.4571
5398,123.8724,13.73486
1747,-4.28386,47.79165
6882,-62.29176,10.57023
4117,113.81682,22.1423
5358,18.06231,58.97716
4113,117.58251,23.75391
6164,-87.17163,30.34746
4020,174.78868,-36.6214
6160,-89.08741,30.35248
2122,27.60017,37.24821
1622,-0.73798,53.59397
5527,126.59123,35.97898
6231,-86.28522,34.35502
5513,126.4251,35.44957
6972,-62.85346,17.90023
5952,-73.99607,40.7905
5312,11.82873,65.0853
3609,62.33691,25.11375
5505,127.70143,34.90507
2264,27.1249,36.6609
5523,126.46577,35.62062
5498,126.40494,35.39148
2467,-6.24138,53.98578
3843,151.09459,-34.05478
650,22.56968,36.76007
1247,5.89774,53.23509
5659,23.52766,58.95994
929,4.68776,52.38854
3564,58.81253,25.55859
4226,145.75849,43.33971
4842,141.69775,44.37291
4382,132.41213,33.37756
4671,133.17754,34.28395
4912,140.00181,40.3751
4792,141.53241,40.55339
6320,-93.33905,29.98222
1337,9.56899,54.50263
3160,34.87123,32.4706
5516,126.69064,35.98742
2290,-4.39964,52.8868
1305,11.60986,54.10271
5552,-21.9731,64.06905
1071,4.08985,51.68642
4338,131.40888,34.436
5450,123.94622,11.09468
4079,106.73715,20.85838
4195,110.22535,20.26358
3158,35.01205,32.82956
4131,110.28595,20.05037
6316,-135.4343,59.2327
4313,141.5932,38.83478
4770,130.36141,33.62545
4947,133.10216,34.1973
4784,140.70873,41.79667
5693,-7.09046,62.27429
5262,11.3707,59.11222
3586,52.64524,27.4066
6329,-158.10553,21.59547
4034,174.89808,-36.87855
7194,-75.95774,24.57653
1244,4.75638,52.37895
5110,5.42624,60.14414
225,-63.584,44.6522
6382,-80.12197,25.98414
5375,13.4416,58.63521
5350,11.44104,58.12224
5355,18.58877,60.06331
1087,5.78357,53.30458
197,12.8527,56.6563
2624,10.30767,56.99038
5286,8.22957,63.06682
2230,11.65753,57.72954
5835,52.41566,25.66747
4398,130.12984,33.09331
4966,132.0501,34.8752
4902,136.75998,34.29906
4999,137.58852,34.68715
1607,-0.92923,60.6293
4963,134.448,35.6307
3661,81.10067,6.1254
2308,-1.31138,50.85281
104,9.97992,53.5349
2177,11.26882,58.55126
6514,-79.82231,43.29216
3830,148.94978,-20.34692
202,27.18486,60.53248
2553,7.77809,51.67914
5141,23.67933,70.66708
5112,17.1818,68.77756
4832,138.3107,37.8248
4613,138.3355,37.82533
3509,55.4844,25.47843
4804,145.57456,43.28247
1318,8.91466,50.12105
4550,132.50268,35.2304
5466,120.21558,14.82134
1090,4.87658,51.72457
203,22.9507,59.8148
4343,135.36172,34.47391
5067,5.10368,60.43959
2640,8.5935,57.12466
902,4.0115,51.45222
5339,21.62134,65.23671
4729,141.029,37.6681
5258,5.64207,59.01336
6362,-82.637,43.84525
5967,-84.98144,45.42507
6393,-55.8022,47.4833
6509,-53.21615,47.68952
3399,18.85617,-34.15137
967,5.6136,52.3679
914,5.61943,52.35516
1113,4.83113,51.82024
5196,6.0378,62.37177
1382,7.25103,52.79527
1095,4.66341,52.72697
2239,18.47782,60.17141
1154,3.69178,51.54956
1156,3.68548,51.54313
204,7.80885,53.7029
205,5.4251,53.1781
2206,17.94077,62.63683
5228,6.95986,62.88383
3232,10.51077,36.03289
2452,-3.5693,54.61246
2906,27.94859,44.68026
206,16.5508,68.7951
207,-1.19771,54.6897
7080,-88.40547,16.47448
208,1.26837,51.9443
3938,153.2422,-29.4277
1390,8.66698,53.12403
4321,133.01381,36.07316
4886,132.96964,34.11391
4959,130.20667,31.75368
3603,54.36031,26.65218
1217,5.89084,52.98206
2635,14.70042,55.18791
3468,56.31588,26.24609
2246,17.8277,59.35854
2231,11.24023,58.36675
1072,6.10171,52.59033
2514,5.33411,50.94408
6042,-92.84449,44.7465
5177,22.16267,70.48139
4915,132.53643,34.18968
6228,-75.70342,35.20916
5558,-18.30073,65.92233
5126,5.25592,59.41319
5137,6.98521,58.05071
6850,-82.34144,23.13239
4051,173.77093,-41.27473
5107,24.66466,70.99419
6214,-76.08336,39.54781
6478,-63.60916,50.23622
5349,11.17793,58.75618
2419,-3.3873,55.99187
4969,135.34975,33.74353
4594,135.90876,35.61612
2172,29.01752,40.99321
3466,56.27007,25.65051
5848,53.1076,39.4109
4255,138.7707,34.975
976,5.26611,51.74118
2210,11.66853,57.69921
1001,5.61163,52.97044
5005,4.63657,52.35322
974,5.9288,52.95325
1165,5.39487,51.81399
4649,132.1957,33.8001
1259,9.20817,49.14644
1400,11.0087,54.37365
5795,18.8005,54.6006
3590,50.88301,28.82355
1685,-5.13134,50.09782
1351,7.89669,54.17335
5562,-22.55496,64.0207
5164,6.1456,58.86268
5279,6.8865,62.08962
1064,4.12896,51.82439
5269,5.87535,58.47764
1489,5.65366,51.47407
2405,-3.65059,58.11442
209,12.6904,56.0353
210,12.6184,56.0351
211,24.94648,60.14589
5657,23.04982,58.86814
2487,-7.5453,52.055
1224,5.45229,52.88421
2516,4.3306,51.1465
5082,13.62207,66.22199
1750,-1.78323,43.36714
1451,4.6542,51.85336
3555,55.89453,26.6858
1469,6.77766,52.24921
5241,14.20415,68.15305
5879,125.68842,-8.53025
10,25.1493,35.3484
1385,7.3222,53.02329
2878,18.53011,42.44771
3114,29.61386,40.77966
2544,4.82701,51.17018
5553,-21.36881,63.85993
1189,4.08687,51.70635
6824,-75.86736,19.99632
992,4.91978,51.71032
6536,-55.92489,47.55974
1110,5.96511,51.19339
1394,7.20889,51.55857
601,25.39266,35.32086
1106,5.96364,51.1845
3827,152.91108,-25.29474
3163,34.7939,32.1653
5053,13.96128,67.12889
5687,-6.88286,61.95703
911,3.92558,51.53812
1076,5.07152,51.87228
916,5.13903,51.7347
2356,0.71013,51.72897
1711,-2.9185,54.0329
4543,135.08174,33.91792
4854,133.92781,34.45402
4586,135.14735,33.86365
5887,50.67173,26.20117
1404,13.11181,54.56816
4389,134.84878,34.69228
4463,137.141,34.7861
4554,130.89709,34.32492
4753,131.92809,33.95135
4363,134.40917,34.2275
4780,136.23307,34.10306
2561,9.92889,52.17657
3979,115.73476,-31.82383
1468,4.5917,52.28599
5911,-155.0678,19.73435
5437,124.73975,10.36861
1258,7.64756,51.89708
4954,137.00145,34.70816
2883,19.74497,40.09985
4558,134.66127,34.77954
4714,131.64802,33.72109
4340,138.24108,38.08307
4740,134.27749,34.7302
1149,5.40233,52.9422
5972,-70.92042,42.25404
5271,5.74422,58.91789
4498,129.55695,33.37177
4837,134.6148,34.76394
4464,139.3647,35.31264
4950,132.40837,34.34814
4504,141.65279,38.99121
2606,9.96249,57.59621
4655,129.27589,34.32285
4987,141.0039,37.14836
4949,140.62646,36.48706
4421,140.62318,36.42273
4437,129.47592,34.65406
4889,129.4529,34.52996
1249,4.36529,51.73774
4259,134.54014,33.73113
5317,5.23911,60.25549
5189,6.16726,59.23484
5150,6.0755,62.3505
3981,147.34139,-42.88555
4526,133.12069,36.08326
6102,-76.57936,35.24566
1303,9.2968,54.01893
1374,8.53559,50.09004
4746,133.25427,35.57196
1159,3.91519,51.41876
1824,-2.87396,47.34447
5022,4.12453,51.97704
1517,8.29773,54.75956
5569,-19.42104,65.8985
4404,131.48795,34.01974
5364,12.54453,56.19716
5255,7.73506,62.97032
4241,132.76931,33.98154
212,11.7158,55.7217
5301,9.14347,63.31963
5987,-86.14746,42.78172
1571,1.1575,51.78362
2380,-2.44023,59.35446
5917,-132.62346,55.48998
5363,12.93815,55.40606
5564,-21.66787,65.70554
5124,10.32084,59.49074
2191,20.35004,63.68266
1496,6.8383,51.16263
2448,-1.79156,55.66791
213,-4.62742,53.3128
6107,-151.41257,59.60495
4074,107.0661,20.96518
3259,-1.65908,35.17761
4697,140.80726,42.05548
4880,130.20277,32.45547
2643,0.23139,49.42773
5843,114.17983,22.29038
4209,113.45402,22.16745
5534,126.50366,36.15913
5816,159.96188,-9.42904
4483,139.83233,42.22123
5055,25.96133,70.98137
6032,-157.8719,21.29306
4468,141.18709,45.25147
2447,0.56013,51.40985
1008,6.74513,53.16447
865,4.58299,52.16847
1316,8.06483,53.63559
6013,-135.45062,58.11118
2572,10.17347,53.3956
882,5.0647,52.63509
3110,41.42095,41.40325
4002,153.35875,-27.86556
2303,-3.43759,57.71213
5782,121.7608,24.3016
5915,-123.8798,46.97737
3581,56.4422,27.09442
3845,142.24552,-10.59099
5585,-15.20109,64.24877
6766,-72.46501,-42.13801
4942,140.51126,43.35902
214,9.86581,55.8549
3925,151.30533,-33.4926
215,10.49636,59.41248
5493,129.3541,37.18183
3098,27.313,40.70952
4989,131.67282,32.45153
5694,-6.93404,62.15135
6244,-88.56924,47.12395
6288,-90.71329,29.58754
3235,10.8568,33.88949
2420,-3.3598,56.00655
1702,-1.66954,60.33023
6346,-95.28849,29.74959
3390,18.34806,-34.05158
1673,-3.1872,58.91521
2631,10.25982,55.91205
5688,-6.75756,61.50562
2395,-0.85152,53.7313
2490,-6.0669,53.3909
5231,6.06894,61.21484
5324,5.7871,59.79199
5563,-18.38254,65.97942
6921,-77.61567,-11.1217
5787,121.63032,23.97983
6596,-105.37538,20.7494
4153,117.99474,38.3398
4213,113.52887,23.05625
6930,-78.17822,-10.09672
6745,-71.24584,-28.46756
1435,6.72322,51.37792
3456,42.92731,14.85197
1964,-6.87469,37.14646
6187,-119.20776,34.14913
5323,5.2003,60.12375
1100,5.24732,52.31345
4197,114.58857,22.68904
216,-0.2683,53.7418
4184,121.02154,40.73705
217,11.8437,55.9645
5641,24.72863,59.45574
5906,127.62379,39.82532
1836,7.59201,47.60002
3832,151.14653,-33.83747
218,-4.9083,55.9711
219,-4.8731,55.7514
6151,-82.58908,38.41286
5991,-73.87017,40.80258
3168,33.84671,27.22799
6373,-82.55248,41.39433
2937,34.30363,44.55148
5548,-17.3515,66.0452
5313,5.7638,59.8763
5057,17.66839,69.54301
5113,5.29587,59.33622
220,9.04495,54.4742
2176,19.15162,63.31798
5699,-6.9417,61.5981
221,11.0397,59.02387
5577,-21.45736,64.39283
5706,-7.01827,62.18547
5597,-20.9469,65.39402
2835,16.4393,43.1699
2595,8.12435,56.0022
5476,126.3308,33.2368
4521,132.52697,33.22127
6062,-70.27524,41.64925
7,23.4656,37.3515
694,23.45719,37.3477
4085,109.28106,12.49088
222,1.44582,38.9076
4983,130.6523,31.24302
2128,27.14336,40.45333
4910,140.08636,35.55631
4927,130.25097,31.71573
6620,-48.49022,-1.29315
3183,30.30452,31.35525
1160,5.69891,52.93064
509,23.08614,36.78509
478,25.73873,35.004
735,23.89219,40.39511
4544,134.05958,34.49029
5272,12.13417,65.67827
2207,17.10754,61.63352
3132,28.02519,41.88731
61,20.2437,39.5019
6644,-47.56467,-24.70416
4316,134.38697,35.61466
4509,132.44101,33.94578
4720,137.2819,37.4364
4760,129.537,33.44057
4334,131.70095,34.67473
4390,136.92103,34.44714
1067,5.62322,53.01135
1182,4.71322,52.42958
223,4.58755,52.4664
1127,5.93036,52.55073
1116,5.74401,52.59201
1453,5.04363,52.02385
4728,132.34905,33.48565
4339,134.22616,34.47697
4355,132.69517,32.91935
4603,129.43523,33.3885
5037,6.55839,62.38759
6416,-70.39155,47.42206
1818,-2.95497,47.39244
2648,-4.00912,48.73922
1850,-1.24931,49.58823
1669,-4.11048,51.21117
6666,-45.37454,-23.81854
6626,-48.30615,-25.54327
6661,-44.0333,-23.01165
6684,-39.03213,-14.77817
476,23.12313,38.84735
5418,124.23109,8.23272
6926,-71.3553,-17.65064
5400,122.58496,10.69122
4958,133.00615,34.07105
4723,129.82673,33.3217
6701,-48.65523,-28.22333
544,19.91197,39.78964
681,25.36128,40.93282
4654,131.6015,33.68799
5500,126.12137,35.08094
224,-0.19316,53.6292
2002,8.02689,43.8768
4370,131.03482,33.70285
4433,138.23761,37.97198
4531,135.21606,33.81118
4789,139.04489,34.77359
5530,126.58819,37.44331
6330,-87.43897,41.66958
4893,135.2891,35.6712
3128,33.77403,41.97809
6383,-97.23032,27.83669
3418,35.3761,-23.86827
2493,-9.52166,53.06875
2508,-9.57876,53.1036
2488,-9.66638,53.11561
5636,23.9247,60.0135
5690,-6.7545,62.12709
5109,14.02425,67.03597
3820,146.03426,-17.52317
4662,133.04456,34.26833
4251,140.8702,40.9798
4924,130.98797,33.84482
6139,-92.16066,29.7808
4399,140.83651,35.70087
1686,-4.15332,57.68631
1684,-4.23633,57.48997
28,25.2682,36.72294
530,19.83923,39.6948
226,1.15925,52.0439
6762,-70.15303,-20.20341
6932,-73.23724,-3.72671
67,25.4726,36.8661
4626,137.02113,34.58597
853,22.99874,37.47798
4716,138.84317,34.6079
2365,-4.68348,55.6085
5395,124.43199,10.91957
5571,-23.11099,66.07061
2092,13.94114,40.74504
5260,5.26959,60.55359
4680,141.28508,43.20193
227,141.28102,38.40112
3130,36.17515,36.61097
6552,-90.45409,20.68848
1963,-7.3279,37.19647
1892,-8.86677,42.56668
6905,-79.56679,9.62787
6574,-86.74724,21.25121
6728,-73.65554,-42.38719
2415,-1.27746,50.72532
2310,-6.08428,57.35045
2461,-4.36436,54.69796
1621,-6.31521,49.91961
3058,131.82691,43.04964
3175,32.28709,30.58285
4922,140.92962,37.90303
4506,140.10845,35.0936
4556,132.4187,35.18472
4978,141.07616,38.3731
2788,14.7676,44.2696
2171,28.99726,41.02042
4825,141.54537,38.71041
6643,-58.44709,-3.15077
6705,-43.84969,-22.93413
6700,-40.77163,-20.8931
6638,-48.66068,-26.90088
6630,-46.79546,-24.18901
6659,-44.46214,-23.01218
6678,-48.60292,-26.18592
6680,-44.37487,-2.5763
45,22.4211,38.4266
801,20.71516,38.36891
4563,139.10539,34.97435
4943,137.84393,37.04613
888,5.72091,50.90437
1362,9.50314,53.9208
4331,139.42728,38.18689
4590,133.14731,34.24403
4248,138.5042,37.9442
4228,132.25526,34.1486
4644,132.49599,33.12529
4244,140.51447,42.99355
4308,135.01517,34.59422
6549,-101.62049,17.66445
2528,3.20866,50.92405
2151,27.13142,38.44188
2118,29.93041,40.75237
5888,13.65531,45.53631
4709,129.29281,34.19378
4427,129.47471,34.67692
4727,141.51785,38.45655
3512,52.58274,24.20823
2844,14.89723,44.70571
3147,35.91886,35.36012
6143,-81.62115,30.33466
7030,-72.53529,18.2299
952,3.68671,51.59943
6635,-44.24664,-23.00336
2819,15.84969,43.72515
3663,80.01427,9.65156
3622,71.3829,20.8674
5457,124.3711,9.64588
6651,-53.37459,-32.56955
3636,73.2264,17.29095
3704,106.8415,-6.09792
3641,68.60127,23.2404
3719,103.61648,-1.58734
5528,126.68857,36.00532
6662,-40.25133,-20.28594
6840,-78.30917,22.48357
3543,57.7677,25.64873
5793,18.67448,54.6937
5704,-7.1751,62.04474
1928,0.18737,38.7968
3769,140.72168,-2.53764
228,55.04112,25.02413
3441,39.14749,21.46219
5515,126.55744,33.53099
5138,13.28431,66.62382
5179,6.03525,59.33289
2811,16.6976,43.1635
2550,7.39315,53.26427
7021,-74.10959,18.64382
229,-2.1133,49.1782
4100,119.50888,32.41613
4214,113.11228,22.61043
4177,119.89993,32.12036
4147,120.17591,31.92643
4152,119.27525,25.42428
3266,5.77926,36.82502
4170,120.16001,35.91556
4127,120.18965,31.94456
4205,119.02184,39.19854
4192,113.5863,22.2394
5486,128.68948,35.12488
4245,122.24969,30.25548
4203,121.35277,30.71302
4218,121.84596,30.06305
4189,121.06158,40.78688
1026,5.79332,53.07613
4199,116.0074,29.74297
3152,35.40393,33.65214
3451,42.53058,16.90359
7105,-66.18314,17.95023
5531,126.0543,34.30569
5610,29.74949,62.59119
4391,145.13735,43.66398
2353,-3.06923,58.64542
6445,-75.4679,44.73512
6131,-88.08654,41.52532
5436,120.99938,6.05778
5032,6.2503,60.2763
1023,4.54559,52.21985
3206,10.73616,33.69798
3288,-8.63323,33.12846
4408,137.04044,36.95004
6920,-77.03457,-12.16431
6860,-64.872,10.1003
7013,-64.75086,18.44231
1004,5.80034,52.96689
6986,-57.44731,-34.4372
6818,-78.85224,21.61875
5332,5.87916,59.1707
6207,-71.51154,41.37985
5522,128.52959,38.32611
1334,6.99713,53.67112
3143,41.42436,42.74328
3505,55.2443,25.21168
5932,-134.41598,58.29619
5954,-134.68137,58.3789
3881,115.04411,-30.28861
4009,103.68878,1.26042
6631,-56.10066,-2.15863
1084,4.55716,52.2139
1164,6.55592,53.17987
5322,5.50273,59.27044
5034,14.48465,68.20997
3755,104.14115,1.08188
3291,-5.33531,35.71958
4380,135.07057,34.2802
4904,141.04896,45.29795
4476,130.57427,31.58969
6083,-156.4726,20.8965
3687,116.67165,-8.4804
4513,140.70706,42.57989
3725,133.75812,-3.6604
4952,135.18087,34.14674
4732,133.29779,35.55821
4387,133.05789,35.56669
6065,-133.89717,56.94678
3656,82.31618,16.94497
4711,134.80816,34.71869
3741,124.51312,-8.22208
5615,23.71199,64.2251
5986,-122.85062,46.00977
5460,124.04687,6.55142
578,22.11403,37.02226
740,19.94016,39.74549
605,20.93196,38.62277
732,25.47214,36.93498
2838,15.21106,44.06269
520,24.80247,34.92972
2969,20.4608,54.70612
3395,18.44948,-34.12822
5630,25.38863,60.25231
722,23.45002,40.07749
231,16.37353,56.66173
232,11.0885,55.6705
2251,11.68244,57.71154
55,26.9894,36.9491
579,24.17708,35.45237
4501,131.92151,32.79725
4651,141.90803,39.25905
547,26.97352,36.73714
5180,10.68147,59.47461
2880,18.67562,42.46668
4333,133.2459,33.27763
4491,141.46959,38.51792
2266,27.82554,36.27334
4719,133.51062,34.4505
4609,133.20926,34.27733
4679,139.73166,38.76398
4813,129.38249,34.33274
1484,5.91311,52.56335
933,3.69506,51.56151
5712,103.18542,5.26042
3323,-14.62797,10.63666
1253,24.46473,36.70928
4953,139.81643,35.17101
4376,131.01796,33.79666
3036,32.40135,67.14122
233,70.2012,23.0252
5134,8.12717,63.05282
3529,52.05673,27.83003
6392,-71.96025,61.60724
4726,140.64727,41.04793
2942,31.47776,49.75541
4277,140.8615,40.9605
4368,134.30216,33.54498
4460,132.43943,34.19029
783,19.91711,39.59058
4328,133.63145,34.12391
4757,130.76322,31.40164
5943,-94.57789,39.1175
3667,99.50694,7.41027
3643,77.55418,8.08409
234,120.29446,22.56376
2185,19.07013,59.72055
1414,9.9348,54.6598
235,18.7884,57.848
2820,15.7062,43.68785
632,23.0032,36.14271
2104,27.30969,40.40069
3107,28.1894,36.9436
236,66.97153,24.82197
3645,79.8574,10.8327
2100,30.67994,41.12155
494,22.81863,37.53871
4790,129.97049,33.46547
3008,83.20911,70.06497
555,22.70811,38.88699
2267,26.21805,37.63471
760,27.14516,36.78182
655,26.11261,38.54579
2183,16.88947,56.95762
3791,116.81736,-1.20087
852,23.97261,40.73735
2178,11.36577,58.11343
4928,136.85706,34.85394
2804,15.07142,44.52492
2209,14.8235,56.14958
238,15.5969,56.1649
1426,8.30729,49.03905
5383,13.5349,59.35897
5200,5.32477,59.31447
74,27.2129,35.5098
3996,153.36346,-27.6348
3539,51.13159,28.42031
2131,29.2038,40.88175
3953,140.83118,-17.49189
3642,74.13421,14.76842
565,24.41704,38.01196
2145,29.64177,36.19623
4304,133.50824,34.49878
4497,133.13382,35.57667
4438,130.12434,33.10545
4730,140.70055,35.92841
4358,138.53585,37.37539
239,21.2169,62.3674
5624,22.41167,59.92059
75,26.9286,35.4196
2978,47.65908,42.88488
3324,-13.74431,9.47603
534,19.92322,39.79101
749,29.59279,36.15242
594,20.91183,38.56861
4971,133.19133,35.56372
4755,134.19783,34.73078
43,21.3229,37.6472
4640,131.49287,33.64857
4309,138.56573,38.04909
29,25.858,36.8303
527,26.10345,38.26587
4796,130.18705,31.41837
612,22.83375,37.95391
606,23.10148,39.30923
846,20.74963,38.06246
716,21.62394,38.3494
1109,3.89285,51.57325
4861,135.94647,33.62384
4575,139.82654,35.11039
3648,80.3561,13.3047
983,4.41313,52.20422
5123,7.2487,61.1797
240,24.4006,40.9312
2890,28.35298,43.41125
2977,36.6701,45.3395
4980,129.51849,33.32729
4330,140.6784,40.89227
6066,-155.83079,20.03602
4718,140.70005,36.64971
4447,132.3905,33.4709
4974,139.74978,35.50264
4314,132.7519,35.4538
4070,174.84086,-36.42481
4033,174.82121,-38.06748
4417,131.25017,34.42262
2965,49.05567,55.78299
14,24.3169,37.6644
4559,129.3193,34.26105
241,121.7522,25.14611
78,20.4418,38.2025
2103,30.22271,41.17096
5596,-22.54108,64.00293
1443,7.80682,48.58556
2363,-3.11586,58.53134
5010,4.89553,51.71684
3742,114.86923,-2.29229
1358,11.88772,48.91095
3228,11.11074,36.83326
6255,-82.70821,41.59123
5649,25.01373,59.63646
5719,103.4661,4.2489
4129,119.75009,26.37678
3109,27.05116,40.41644
5605,24.55619,65.72377
6251,-151.23256,60.54853
3759,122.58301,-3.97699
3307,-6.58452,34.26681
1634,-5.4853,55.8064
6215,-87.81129,42.58837
827,24.69899,40.85888
748,25.37253,34.99781
2921,36.49258,45.34547
560,20.83735,37.68155
1172,5.35242,51.76963
60,19.9095,39.6304
699,19.92659,39.61659
4406,141.58386,38.90368
2526,5.82945,51.13939
3693,114.40374,-8.14299
5956,-131.69359,55.35127
1002,5.76046,52.58067
5955,-122.62905,47.16186
2402,-2.59656,59.2315
5936,-87.49677,44.46112
6371,-81.80487,24.56498
5919,-122.61795,47.70476
3051,135.09669,48.42904
3452,48.52792,28.41778
3494,54.66774,24.80785
5907,50.70637,26.20064
3558,55.59696,26.94002
3027,68.98456,60.99354
3574,50.33739,29.24328
3483,56.24999,26.2069
3491,56.36761,25.0278
2979,142.04364,47.05722
3198,14.29054,32.66169
5902,47.88212,30.19938
3504,56.36188,25.3578
3540,48.1888,30.43485
3987,150.85853,-34.66992
5901,52.75864,40.16663
3605,49.9644,37.44166
62,22.754,38.0126
4522,131.8712,34.74178
242,10.1601,54.3362
2936,30.53405,50.49106
4474,130.55918,31.39406
4957,131.82421,32.70093
3721,104.6113,0.85766
6082,-159.6921,21.95859
4765,132.83554,34.03618
5171,13.22946,66.48921
1683,-6.09257,56.68772
2931,29.25777,45.43976
1582,-5.98893,54.0582
2505,-9.37821,52.61336
2391,-0.23153,53.66849
243,-8.4394,54.633
2398,-5.64455,54.39231
2494,-6.58781,52.17137
1647,-5.72431,54.72937
3428,39.50328,-8.95706
3426,39.50736,-8.94154
244,139.87621,35.37405
50,24.58,36.7848
3010,37.37993,56.87951
4808,129.46161,34.5511
4574,141.06784,41.88885
2431,-8.40553,55.0359
3449,39.08914,22.52306
3913,144.0605,-40.0681
2361,-3.16915,56.06964
1592,0.39025,52.75924
6037,-73.76511,40.81206
6530,-76.47557,44.22977
7165,-76.8081,17.96425
6048,-122.49194,47.79466
6539,-82.73157,42.02513
1604,-6.2652,57.0121
2449,-5.04917,58.45634
4931,132.91859,34.23357
4692,132.87684,34.20588
245,-8.5295,51.6925
5135,6.71676,60.37858
4480,136.94134,34.84609
474,20.69237,38.44778
2410,-4.87518,55.90917
833,22.99433,36.97169
2324,-3.1502,56.1139
2301,-4.05417,54.83774
5206,30.05968,69.73141
246,-2.96044,58.9913
3740,127.14504,-8.07924
3556,54.00637,26.57088
4401,130.12156,33.57266
3421,42.5404,-0.3773
471,23.63817,35.51536
3330,-13.20239,8.48621
4681,139.81942,38.95439
4782,138.25283,38.09448
4798,138.31449,38.17831
4657,138.50937,38.27462
4658,130.80439,33.9508
4492,136.04509,36.10793
4551,138.33875,38.20058
4990,133.15583,35.56412
637,23.07601,36.26712
6457,-128.68677,53.99174
6485,-128.75124,53.92079
661,22.13976,36.92895
5930,-70.74097,43.08511
496,22.73274,37.52565
2187,14.22759,55.68849
5122,16.66944,68.40902
5250,27.3415,70.94882
5132,10.38749,59.17368
5065,16.35948,68.09243
247,12.8935,55.5216
5856,21.13234,55.69083
5707,-6.59274,62.2317
2256,11.64773,57.68024
6044,-133.10795,55.55799
3897,137.7769,-34.9608
2534,4.6612,51.33889
1324,9.05602,50.00232
1273,11.07763,54.35315
1375,9.61576,54.52725
5144,5.22933,60.40609
849,23.64344,39.13815
2598,10.45242,55.47801
5376,18.18282,57.38811
5297,5.15704,60.22375
2562,13.11214,54.58419
1307,9.72054,54.53181
5147,5.05966,60.38074
5038,5.16232,60.3714
2211,11.65575,57.74849
6237,-83.92099,35.95425
3391,23.04137,-34.04045
3669,98.68101,8.07781
3671,100.81203,13.16276
4570,141.45953,38.35051
248,135.29395,34.6675
1341,7.60335,50.35203
3316,-16.16611,14.16716
4981,141.4696,38.3286
4888,133.58152,33.50311
3627,76.23443,9.9701
6028,-152.40835,57.78444
4336,140.3009,41.1367
249,12.20285,55.45588
1336,6.96931,50.92582
4394,129.36646,34.33732
4830,141.67433,40.45562
4938,136.7016,37.14292
4479,130.92741,34.17707
4072,102.97597,11.6108
4812,132.89302,34.2537
739,23.12939,37.41952
4717,133.81076,34.45943
837,26.89502,37.77902
761,24.73771,35.08153
250,23.0217,63.8587
3349,5.46181,5.99759
4500,139.8497,35.27966
4247,130.89462,33.89513
3778,121.58747,-4.06055
2616,10.52835,55.79679
2604,9.50359,55.49241
1422,9.46543,52.40096
2224,11.84244,58.13491
1475,4.88972,52.79514
5701,-6.90296,62.11353
3635,76.58004,8.87528
5069,4.88746,60.55217
926,6.1511,53.2796
5789,15.55312,54.18084
2797,18.0033,42.6793
668,23.44204,37.87647
5232,11.61464,64.86327
482,23.78013,35.54708
5764,18.12771,47.75357
4292,134.61059,34.00115
596,26.04906,38.20145
4546,129.18941,34.23263
2923,36.42311,45.27482
3608,60.43299,25.35541
4305,144.52767,42.94981
5871,164.66585,-21.00381
3531,54.95554,26.59507
5088,29.31392,70.71776
3015,132.36496,42.86777
4004,123.73407,-16.13526
3926,151.31954,-33.46373
1167,6.09982,53.20935
5566,-16.44657,66.29795
5586,-21.9418,64.11253
251,13.7259,45.5556
5050,5.30669,59.28479
2204,16.02079,59.50246
2824,17.13488,42.96355
2138,29.74765,40.75568
693,23.12862,37.76304
2802,15.30165,43.81057
5741,16.32253,48.33713
2781,14.11787,44.96698
850,21.95993,36.79861
629,20.91347,39.01479
5625,19.93371,60.08125
3094,142.75621,46.62945
252,11.1394,55.3326
1461,5.08558,52.22625
904,3.80995,51.55061
687,24.95356,37.77632
2543,3.26706,50.83048
56,27.296,36.8955
3598,52.79964,27.2324
701,23.16229,37.29448
3018,40.91649,57.76157
3756,116.21346,-3.24396
253,26.95734,60.4789
2874,18.76241,42.43067
4458,133.83518,34.47222
595,22.4952,36.61824
4619,129.18084,34.18704
6012,-162.59069,66.90246
881,5.44809,52.91359
69,25.6026,36.9296
643,23.91819,39.96973
3600,57.01917,26.79905
724,23.20052,37.30253
4595,129.30087,34.21829
7153,-52.64848,5.14748
5623,23.22833,59.87824
3002,133.01276,42.71913
3020,46.56036,56.34704
4604,132.71934,32.8814
3342,1.51673,6.20004
3677,98.90807,8.04322
5316,9.41872,58.86905
970,5.89944,52.66308
2810,14.56401,45.27425
3083,142.08494,48.40995
1524,6.65656,51.34963
2952,33.39635,49.06166
5750,15.64629,48.40352
3351,9.90637,2.93839
1048,4.57632,51.90854
1194,4.608,51.89575
3623,80.142,14.24747
3242,-0.49154,35.82181
5248,7.98599,58.13546
254,7.7435,63.1134
5366,14.08094,59.31748
2849,14.57947,45.0236
5306,5.29212,60.22406
4073,103.50957,10.65184
3028,29.75009,59.9848
1231,6.71087,53.14348
1371,13.76019,54.12441
2257,11.77673,57.69371
1280,9.53,53.71587
626,21.59457,38.34345
3283,-5.57173,35.84334
3219,10.84649,35.69172
618,22.62371,38.08123
5878,114.19295,4.57865
5721,103.13462,5.34103
5733,103.43364,3.97266
5735,103.33564,3.80798
5714,110.40888,1.55907
4296,130.1932,32.6069
4445,132.58131,35.27244
2140,29.10374,40.94022
4906,131.8485,34.0024
5711,116.84502,6.87801
1153,4.74122,52.23543
1505,11.7693,54.15475
4997,134.197,34.71905
4955,140.83382,40.87264
949,5.83991,52.79279
5638,23.39565,58.57405
4882,141.81337,40.20099
3146,41.63379,42.27516
2240,11.92333,57.55052
4758,131.65088,33.66819
3763,111.72521,-2.74505
4353,139.98396,42.12657
4887,130.58232,32.75825
2157,27.4613,40.8655
4448,134.89919,35.61015
4453,133.27729,35.57506
5723,118.25513,4.6995
5671,26.54779,59.52578
4817,129.17714,34.16973
4867,131.73989,33.56845
4920,136.02693,36.08218
5620,27.70645,62.88697
3774,123.52601,-10.19632
4426,137.17246,34.7765
4625,130.10396,32.18992
4688,132.54575,34.2374
4495,132.69786,34.23266
4703,139.72,35.2232
4444,133.03986,36.0264
3928,151.2111,-34.00213
4702,129.28826,34.29568
4301,139.59086,35.24681
5845,51.59608,43.18218
2156,27.25586,37.8667
4529,134.29698,34.47578
6917,-81.88559,9.18354
4891,135.78754,33.47135
4414,144.36373,42.98101
4307,129.3609,34.3004
4364,130.03137,32.21206
4913,141.1358,45.19
4627,129.25823,34.12572
255,47.9291,29.3516
3524,48.28666,28.86315
5300,5.608,62.3425
5330,5.557,62.3655
3914,115.73052,-32.21602
5861,93.55267,19.4318
1613,-5.71211,57.27868
1693,-5.72348,57.27319
42,21.1524,37.9349
670,24.12471,38.62388
463,21.66471,37.25668
3135,33.32934,35.34444
5194,8.10633,58.11675
16,24.3936,37.3926
1953,0.80284,40.88022
1907,0.71,40.81
1860,3.14614,42.11817
1937,3.2047,42.0527
1769,8.93926,42.63991
1808,-2.13944,46.89349
6874,-67.76494,10.49142
1831,0.93517,49.35316
7025,-61.63119,10.24892
7047,-86.76073,15.79289
1714,5.61428,43.17372
6854,-83.5705,22.23834
6105,-91.25795,43.83902
6872,-71.6458,10.43259
6835,-84.27513,22.03755
2713,-17.1098,28.0863
1755,4.08093,43.55441
6875,-66.94919,10.60527
7062,-89.32035,13.48392
3234,11.0107,35.02399
7064,-80.9202,-2.21731
1718,-1.75619,47.20366
1821,6.20069,49.16196
1806,6.95084,43.5268
1725,-1.23343,46.15638
6901,-78.13857,8.41035
2680,-17.76527,28.67145
7049,-54.1445,-34.65113
6759,-73.5983,-41.60619
6575,-110.33773,24.15128
6803,-59.64689,-30.73531
6861,-66.097,10.49027
6564,-97.77498,23.78449
1753,3.74429,43.4201
6801,-57.88701,-34.84936
6583,-109.67266,23.05965
6263,-90.78992,46.77806
2670,-17.33054,28.07941
6600,-108.05805,25.07496
2667,-17.9825,27.63879
6547,-109.58563,23.60701
1782,-1.16179,46.15031
6945,-68.96049,18.41155
1751,5.8915,43.105
256,9.84815,44.0874
1732,-2.51477,47.34597
6979,-87.83585,13.34257
1203,6.22482,51.99576
3407,18.15167,-32.77349
7109,-72.24809,19.77999
5755,179.36257,-16.36122
5736,115.2456,5.26903
3703,123.9337,0.85462
3697,119.87451,-8.49149
2005,13.89399,40.75319
1275,7.71276,52.1539
2564,13.44831,54.10391
5799,146.99789,-6.74332
3675,100.87987,13.05908
7146,-72.35837,18.69052
1585,-5.86613,56.67932
1856,-9.0016,43.22241
1126,4.69878,51.71669
2722,-8.67141,37.10539
3346,3.36485,6.43204
6675,-48.78759,-28.47857
7170,-83.66947,12.34194
6585,-96.4016,19.71857
6859,-71.27333,10.13458
5729,118.35496,5.01362
2181,11.44986,58.35684
1308,7.61677,50.30786
4093,119.9457,37.4162
6337,-93.23431,30.22685
3919,147.98291,-37.87705
6040,-82.72615,41.54424
6269,-122.50761,37.94452
1834,-0.69302,45.09948
3994,153.37233,-27.631
3385,18.30448,-32.08869
3792,112.41482,-6.86204
2652,-3.37966,47.70542
2021,12.60377,35.49727
1277,8.43304,49.61145
257,12.8275,55.8588
1020,4.91063,52.43389
3695,116.11332,-3.279
3408,18.03179,-33.10515
2214,11.84648,57.66647
1504,7.50059,53.72419
5325,9.75126,59.00474
5151,5.23593,59.60894
5732,99.84591,6.30145
5633,20.30048,60.11776
1077,5.72324,52.9622
4118,119.39428,35.09418
3218,11.03306,35.04285
2127,26.6848,40.3528
3284,-6.14477,35.19888
3566,56.38759,26.88726
3785,122.98981,-8.34329
1969,-3.41796,43.41699
1602,-4.873,55.79462
2279,-4.8579,55.7733
3140,33.64719,34.92725
258,-5.80657,54.8435
5257,5.57163,62.20508
5054,10.03977,59.04201
2646,-4.17912,47.80118
645,23.29103,38.56692
6959,-70.53275,18.22357
2674,-13.81518,28.857
2671,-16.66063,28.00508
6992,-66.15867,17.9341
6913,-79.81459,9.39104
259,-15.4155,28.1271
1932,-5.26521,43.51545
3149,35.75677,35.53536
1301,7.31004,52.86602
875,6.035,51.99004
1520,10.56248,53.36982
5303,14.4084,68.38862
2233,19.08364,57.95323
5758,177.4341,-17.61187
1251,6.20301,53.40825
2046,9.33916,44.30606
3537,53.34721,26.78838
1809,4.994,43.3971
12,24.0624,37.7094
815,24.06135,37.69655
2339,-4.38834,54.2246
1656,-1.1703,60.3513
6592,-102.17954,17.93318
1745,-1.54763,49.65463
1774,-2.95331,47.64033
1784,3.509,43.28079
1783,-2.51033,47.29604
7085,-61.49995,16.20435
1726,1.0227,49.42236
1780,3.44466,43.28678
1815,4.12929,43.5261
2078,9.83913,44.06798
261,0.12183,49.4756
7118,-60.87032,14.46694
1777,-2.86171,47.62182
1760,-3.1522,47.34775
1789,-2.4269,47.2768
7045,-60.93488,14.6785
1712,0.79882,49.47834
1807,-1.0593,45.55553
6480,-82.6017,42.02403
262,7.4595,53.2166
1485,5.09817,51.88817
1044,5.80399,53.19925
6310,-92.593,30.18708
6334,-90.21462,29.25335
525,20.71395,38.83072
808,20.10013,39.41563
5389,123.75886,13.14495
477,23.99267,37.66221
2501,-10.04127,51.59593
5665,22.697,59.0666
957,4.49278,52.16022
955,4.53802,52.14955
894,4.67435,52.22378
72,26.7636,37.2946
5116,5.34125,61.13154
5692,-6.70337,62.21265
5146,5.50591,59.78082
3384,23.05486,-34.06115
153,-3.18018,55.98518
2729,-8.70428,41.18161
5118,11.73877,65.08709
901,4.68593,51.89112
5149,13.56785,68.12551
1045,5.4388,52.52627
5009,5.41755,52.49499
3793,116.07621,-8.73074
1211,5.70053,52.84885
6112,-88.01,41.676
2638,8.3011,56.56172
1317,8.61985,53.16628
3577,54.88863,26.54866
495,22.89267,37.14458
2876,18.68541,42.46703
5643,24.8707,59.55187
6715,-72.43733,-42.48674
65,26.8544,37.1301
264,-1.1546,60.165
1865,1.92254,41.25734
7022,-73.7467,18.18881
6462,-69.38769,48.34679
6472,-66.97436,49.00656
1741,-1.79536,46.49465
5802,146.98847,-9.33788
3572,55.15583,26.24059
3797,127.65937,-8.16714
2540,4.70659,50.89405
1842,2.28358,48.90132
5211,11.29671,63.74812
2038,12.34193,37.9856
1600,-7.02611,57.76594
2566,6.97572,51.02143
5759,178.83659,-17.68314
6324,-75.11809,38.78579
6471,-55.05484,49.24084
6275,-117.01587,46.42214
3686,123.40558,-8.36992
3754,95.2397,5.45182
3752,97.14141,5.16488
4208,119.87881,26.3186
4174,119.48822,34.74165
3363,9.43258,0.39905
2087,13.94037,37.09001
5354,13.16591,58.50964
2522,5.57742,50.63242
1329,8.47778,53.25512
5872,20.98759,56.52582
969,5.5978,51.51386
538,20.72091,38.78826
5801,152.6465,-3.1145
5105,8.38637,58.24507
5412,123.30673,9.41578
5461,125.12267,10.1589
3474,56.43242,25.93715
2124,29.83001,40.72807
265,33.02887,34.6543
2649,1.74403,48.97512
5445,120.61876,14.5074
3352,9.13077,4.00372
2424,-3.47702,56.03063
712,24.57586,40.62456
266,-8.63301,52.6626
267,12.9249,55.5891
797,23.32167,38.76286
640,25.0575,39.87184
7029,-83.02237,9.98751
1101,5.8256,51.74266
3932,147.35493,-42.85193
268,10.5352,55.4725
2263,28.09236,36.09599
1397,7.31304,52.51032
4141,113.4255,22.80907
5777,121.29074,25.12845
269,12.8524,35.8651
5744,14.32184,48.31644
270,14.9606,38.4702
5415,125.45585,9.81597
6738,-72.98663,-36.7083
271,-9.1296,38.7062
1497,8.44067,55.01584
710,25.99276,38.34281
1025,5.47335,51.80225
7053,-62.20657,16.80234
6537,-81.92585,45.9827
1587,-0.54445,50.80628
274,-3.00794,53.42505
2390,-3.39741,53.47306
6999,-88.74871,15.82275
275,10.2993,43.5576
3948,145.45062,-14.66227
2179,17.16035,61.21003
1909,3.19535,41.89228
1982,3.16357,42.37377
891,6.09494,51.85692
3367,13.57203,-12.33468
1690,-5.77512,56.53606
1698,-7.3012,57.1526
959,6.41156,52.16144
1590,-5.24973,58.14954
1651,-7.1531,57.5962
1626,-5.30054,55.70823
1829,-3.34995,47.72543
5156,16.00113,68.41888
609,20.16249,39.22682
1416,9.566,52.39992
5668,25.70177,59.58325
2896,23.24168,43.83319
3341,1.287,6.1375
276,13.0648,55.6752
2970,29.78294,59.92834
277,-0.11953,51.5028
1564,-7.25583,55.04436
6443,-123.44495,48.85217
6504,-52.97651,47.51751
4200,117.8267,24.44045
1545,-3.20539,58.80114
4133,120.2495,37.63775
6971,45.16402,-12.72189
278,-122.97983,46.11976
4148,122.64283,37.42009
3825,138.46614,-35.10893
1034,5.69148,51.79408
2856,14.72104,44.83567
1169,5.04854,51.98613
5686,-6.77344,61.44521
2818,17.94026,42.69038
6001,-82.18262,41.47439
6154,-91.74101,30.05416
6590,-111.33932,26.01486
1816,-3.35264,47.73862
279,-118.22531,33.7372
6832,-84.3804,22.35363
6868,-62.67934,8.38707
2712,-16.71825,28.04488
6947,-69.44651,19.19984
6716,-71.5104,-31.9078
2314,-3.27764,57.7229
1663,-2.6994,59.1921
6090,-85.75888,38.26462
685,24.43056,37.44312
589,27.15413,36.61285
457,22.97548,37.97868
731,24.07983,35.19913
611,24.01159,37.97365
280,12.3703,66.3671
6459,-65.77734,43.60904
4057,174.89963,-41.24117
2275,-2.94251,56.21171
6468,-65.73652,43.5222
281,1.73892,52.4733
3375,13.24794,-8.78873
3355,8.5496,3.46712
282,10.6874,53.8685
283,13.6176,54.1409
3784,117.76816,0.75685
7151,-78.16406,18.44484
5877,13.58703,45.5075
3811,146.34834,-18.52425
3862,137.04023,-33.7096
3382,15.15696,-26.63733
6022,-86.46533,43.9524
1514,8.44828,49.46303
5403,124.24873,8.334
2845,14.03381,44.95205
5343,22.15992,65.57085
1354,7.01828,50.82361
5726,100.62258,4.23609
1146,6.16827,53.31779
1503,7.51551,51.59634
5778,119.67233,23.55664
4154,119.65383,26.45724
4096,121.12315,38.80126
5945,-90.69531,30.03564
5042,4.9775,61.24418
3696,122.7987,-0.9496
2327,-3.28947,58.29448
517,20.56576,39.15104
2340,-2.93589,50.72028
1703,-1.5276,50.7544
1598,-3.19044,58.83259
5084,7.04803,58.11727
5287,7.3567,62.96957
1791,4.82492,45.74045
5068,10.6445,59.90933
2213,11.44303,58.27101
5044,9.86885,63.88712
4030,172.71764,-43.60712
3289,-5.31306,35.68403
6266,-156.51089,20.79105
4140,118.45903,31.73175
1040,5.5422,51.82663
978,5.88778,51.14498
1184,6.03741,51.56995
1507,9.98975,54.68235
991,4.25112,51.92238
1093,5.69005,50.84791
1221,4.06921,51.96188
6667,-41.76801,-22.38302
6702,-51.04887,0.02345
5857,113.56019,22.19114
2093,16.81374,40.33841
1534,-2.49946,57.67269
6676,-35.744,-9.6835
3883,149.22936,-21.10656
6242,-84.6143,45.84708
6063,-84.72076,45.78118
3995,153.3651,-27.6316
4172,110.02189,19.96524
6870,-61.93884,10.65805
5798,145.80497,-5.20697
6177,-122.27499,47.63569
284,-38.6219,-12.753
3011,150.77399,59.54097
1392,11.63901,52.12425
5277,10.43075,59.15484
805,26.11719,37.55627
5783,119.56562,23.55865
4443,139.67824,35.14429
7015,-61.40374,15.36595
3226,11.06718,35.49888
3621,75.53013,11.69796
3216,10.49879,34.51455
3585,49.17954,30.46418
2430,-4.82296,55.33487
5786,120.16931,23.78406
1518,9.0845,49.97592
1369,8.26168,50.01646
4685,135.38822,35.48931
7057,-62.64743,17.22562
7096,46.31397,-15.72822
2806,17.01763,43.29299
3746,119.40799,-5.1127
3023,47.4885,43.00117
679,21.72089,38.34283
1060,5.3981,53.05236
489,25.74997,40.84729
566,25.97368,35.03711
4295,130.29326,31.26451
3354,8.77769,3.76412
285,-4.41866,36.7045
3761,95.52635,5.598
2459,0.68804,51.73108
2780,14.45807,44.54117
614,25.47362,35.29571
2285,-5.82417,57.00905
286,13.0003,55.6243
3376,12.19438,-5.39878
287,5.11962,61.93437
3638,74.70565,13.34156
3120,29.12763,40.91583
2932,30.7649,46.4607
6962,45.23393,-12.77808
5753,177.10626,-17.67668
3789,124.83174,1.49489
7174,48.02376,-22.14156
6341,-74.04422,40.11288
6646,-60.02244,-3.14533
4311,139.14388,35.15228
6197,-122.53628,47.55899
288,7.45617,58.0266
766,23.48344,37.35419
3977,115.7108,-32.5239
2043,15.92027,41.62286
2909,28.58393,43.79966
6672,-44.04295,-22.96174
4061,174.59193,-36.08535
3735,115.51493,-8.51175
4023,173.53364,-34.98773
3630,70.09991,21.10643
5469,120.94526,14.62059
5470,120.97513,14.56562
5966,-86.33033,44.24775
6067,-86.2471,45.94644
6229,-87.64932,44.09288
3975,151.2841,-33.8017
1430,8.45124,49.4909
4923,138.33793,37.96129
3724,134.07354,-0.87538
6983,-80.72211,-0.93903
2258,23.52169,38.81259
5618,21.48646,61.60022
6561,-104.33863,19.08139
6821,-77.13713,20.34403
6900,-79.8864,9.35932
7184,4.27031,39.89172
5752,177.19197,-17.77125
3683,101.14915,12.65262
6502,-122.60211,49.21006
3413,32.56663,-25.97654
6796,-57.52693,-38.03988
3690,114.76589,-2.9768
6885,-71.60349,10.63121
556,24.17343,35.50411
809,22.01306,38.39081
819,26.70222,37.70909
6394,-86.39561,48.72242
665,21.57491,37.06069
6283,-75.41166,39.80897
2040,12.07629,37.96556
3890,148.05978,-42.66979
289,19.9226,60.0941
6833,-82.75714,23.00305
7090,-63.08868,18.06269
7177,-61.28725,15.54246
1916,-8.70114,42.40049
6287,-118.44811,33.97444
920,5.04556,52.92373
2020,8.1573,43.95048
2748,10.24051,42.74541
1998,10.0406,44.0321
2006,8.27045,44.13557
2053,10.09581,44.00903
1290,11.06418,54.35677
995,3.86056,51.75943
6568,-111.09477,27.9453
2061,12.27709,44.52661
1436,9.45348,54.81094
2939,37.52365,47.06225
5428,120.50049,14.43155
1121,5.10025,52.45807
940,5.86383,52.70806
1320,7.09838,51.69538
2654,3.51705,50.36802
499,24.31823,38.04685
59,28.2736,36.8324
729,23.48044,37.88898
6551,-99.8436,16.8029
6121,-87.3684,46.54638
1845,3.0631,50.67129
3254,7.25269,37.02735
3200,23.99235,32.06233
3434,37.31266,19.38775
3249,-2.19771,35.08669
3187,19.5912,30.4138
2030,12.4389,37.7886
2773,14.51164,35.90342
290,14.5469,35.8237
4018,174.4918,-35.8342
291,5.34853,43.2939
7037,-77.0589,26.54667
2599,10.52251,54.85674
3119,27.93394,40.96164
3936,144.99448,-38.30628
5983,-122.1279,38.03309
1844,1.06222,49.30308
4571,133.78729,34.31058
4591,131.35485,33.96913
4975,130.38443,32.21574
2372,-3.50587,54.71657
6531,-55.15591,47.15923
6534,-76.44036,44.19572
5474,128.58172,35.18864
5417,123.61488,12.36926
3463,58.86747,20.66106
4490,141.71581,38.99575
3432,39.45752,15.60042
843,27.07719,36.85146
3380,13.45516,-5.82031
6440,-67.57692,48.84371
6843,-81.53576,23.05075
6892,-62.81327,8.31843
6929,-72.10686,-16.99723
1960,2.44557,41.52914
502,19.52007,39.78065
521,24.00027,38.04566
5391,124.08833,12.58171
3410,32.50045,-25.962
4539,136.89645,34.36439
4366,134.39929,34.24064
4572,133.04655,35.45774
4769,145.16507,43.98813
4327,136.56403,34.61457
4271,129.60522,32.942
4908,132.70324,33.86787
4864,138.77288,34.7564
6753,-73.59585,-41.61438
3773,122.22092,-8.61314
5165,5.92212,58.46798
938,5.41316,51.96934
707,23.10351,38.05937
3415,35.3514,-23.86158
7138,-67.16678,18.21841
2406,0.75314,51.69052
2016,12.58299,37.64613
6593,-106.41445,23.18725
5841,29.24297,52.07443
6499,-56.22918,47.63032
292,-4.85309,55.95218
6349,-122.65167,47.19431
1237,5.12156,52.76726
2907,28.29944,44.24839
2822,13.93106,44.81715
2417,0.48044,51.37817
884,4.99945,51.92046
5663,24.67158,59.45056
725,23.41423,37.98743
5048,27.84178,71.03736
1399,10.09021,52.31055
6760,-70.41467,-23.0727
3702,116.0373,-4.0297
5193,5.6179,59.02531
3678,99.99579,13.36641
5737,102.23746,2.18294
2745,11.20307,45.06021
293,144.92632,-37.82771
5102,14.8065,68.498
1872,-2.9296,35.28904
6764,-73.7494,-43.89913
5219,23.59265,70.68238
3185,12.24344,32.87412
3808,126.67757,3.99491
6084,-71.28976,41.5869
6033,-90.07002,35.1364
3111,27.06633,38.03125
2529,3.12128,50.79108
501,21.11765,39.04033
6172,-87.61361,45.09987
3718,105.16222,-2.07377
6374,-81.35024,41.72607
3211,9.86238,37.23136
3233,9.8125,37.16168
1493,6.17892,52.6961
4793,138.7877,34.6646
2831,14.44745,44.98067
3805,105.99516,-5.9324
3701,140.38988,-8.4777
7039,-58.03416,-33.2436
2416,-1.31015,50.87106
5941,-90.56534,39.82831
2018,14.2265,40.82815
3182,27.23026,31.3647
3129,34.6461,36.79692
5869,23.13617,57.33501
5882,6.47705,49.69782
5834,51.59069,24.93277
3553,56.0055,26.738
294,15.5655,38.2
784,21.42428,38.34881
828,25.9274,38.2904
481,23.39344,37.57619
2320,-3.0073,56.18325
619,22.59568,40.45457
847,21.70785,36.81495
6370,-131.56103,55.12741
5974,-88.73462,37.14399
3920,147.84748,-37.88922
1788,6.16991,49.12621
3782,96.13395,4.13018
2319,-4.78397,50.26919
2774,14.30123,36.02559
295,-80.1673,25.7662
5908,-86.91076,41.72686
1648,-1.05948,60.5989
1213,5.91725,51.73005
1125,3.61674,51.49829
1488,4.19219,51.77426
1462,4.99019,52.80983
1563,-1.23212,54.58497
297,28.6668,44.3282
6511,-79.88522,44.76254
886,6.69306,53.11157
4588,133.30949,35.56022
5644,24.81152,59.49831
4580,130.41345,33.01141
1079,4.48417,51.79321
4754,129.25969,34.29309
4264,137.20027,34.80225
4530,136.23866,33.98499
446,23.6603,37.9373
4659,133.49373,35.51325
669,24.05336,38.37333
615,25.56243,35.31987
298,15.2523,38.2144
651,23.21864,39.16774
1216,6.05266,51.86715
2853,16.44659,43.32757
26,24.44762,36.72228
6216,-87.88858,43.02352
4683,131.61336,32.33927
3526,48.16891,29.0663
3471,58.50881,23.63779
3511,56.04897,25.97612
5891,50.61192,26.19274
4288,130.37368,32.18997
4751,133.09991,36.07083
4360,138.37004,34.92084
3873,115.70006,-31.6908
2578,8.92008,52.30223
4409,129.3723,34.4536
4600,129.30841,34.46153
5940,-93.26275,44.98442
4253,135.081,33.8891
7168,-56.37414,47.10341
6559,-110.94902,27.92037
6386,-65.5445,47.01308
3475,54.68764,16.98902
5728,113.97509,4.39506
4312,138.82352,34.61531
4652,132.11366,33.38679
4320,139.62703,35.1344
4516,141.44099,40.6805
4799,132.53755,32.96592
2864,14.86217,44.70551
5929,-92.79537,44.74273
6470,-122.31433,49.12286
1372,9.7209,54.52418
5152,14.72988,67.45198
1593,1.08364,51.94565
4899,131.9274,34.78982
4299,131.24987,34.38344
3197,15.23702,32.35851
4378,133.00781,36.10243
4693,131.59413,34.0313
4310,132.40829,34.26016
821,26.16885,39.36829
4844,133.02744,35.5406
4794,132.24753,33.45884
4708,129.37824,34.36973
4441,132.32161,34.3035
4838,132.30814,34.31151
4849,141.9684,39.638
4750,133.97251,34.45663
4638,131.46134,31.90861
4587,135.19612,35.54513
4614,141.48959,38.50158
4429,140.86935,40.94355
4781,129.26748,34.35536
4285,133.69299,34.47909
5216,5.66882,62.32132
6829,-74.93764,20.66753
1882,-8.73629,42.27166
1633,-3.311,58.91618
6130,-88.03611,30.69377
3412,40.73452,-15.03006
3457,43.2323,13.31315
3417,40.36241,-11.3369
1297,10.19528,54.3753
299,4.59157,51.6896
3422,45.33992,2.02624
3570,53.47899,26.95553
4653,129.9153,32.707
736,20.20345,39.18266
4385,130.00663,32.21489
5768,18.69459,45.9935
3591,51.0563,28.71833
3282,-7.38364,33.71736
7107,-83.07884,10.00725
5033,14.12446,66.32201
4416,131.00999,33.96641
5537,126.37155,34.82111
300,7.16591,62.7352
2919,21.61449,44.72788
1756,-4.9553,48.39994
1986,16.5907,41.2088
1502,10.67788,53.6263
3607,54.7246,26.51201
5331,14.05176,67.0908
588,20.05904,39.44726
3429,39.64032,-4.04733
4537,141.43037,38.39749
4611,136.85141,34.51441
3842,147.26286,-42.81144
3877,151.30666,-33.66153
301,7.42162,43.7291
3327,-12.38581,7.53395
3221,10.83433,35.77953
488,21.94141,38.40524
4278,143.36837,44.3418
1441,7.06897,50.77151
646,23.04111,36.68475
2480,-9.41917,52.60258
2023,13.55313,45.78319
3664,89.59245,22.47277
5052,5.02405,60.82132
1061,5.04119,52.46154
6074,-79.93246,40.20787
6357,-83.36058,41.90054
3333,-10.804,6.346
2512,3.94171,50.47086
2192,16.55967,57.09712
7005,-77.93858,18.4621
6233,-121.89053,36.60666
7124,-80.74715,-2.06576
7010,-56.23017,-34.89269
1471,4.94313,52.0435
6092,-81.32764,38.18343
6460,-70.55291,46.98945
2662,-2.14649,47.29735
302,-73.5321,45.5292
1624,-2.46852,56.7031
997,5.88017,51.75015
3934,153.13517,-26.68174
6519,-82.46801,42.84095
1958,0.13653,38.68622
2105,26.63167,38.5141
6365,-76.70768,34.7148
6294,-91.21425,29.69937
6379,-79.95849,39.63548
4919,135.38731,33.71322
4596,131.6496,33.41051
4643,132.93527,34.12921
3626,73.81,15.414
4810,133.26519,35.57333
7156,43.24836,-11.70157
4839,136.97617,34.69962
2682,-14.36463,28.0495
5924,-119.67418,45.8547
1754,3.44627,50.50017
5245,5.59183,59.14008
2975,37.5964,55.7293
5278,13.18087,65.85319
5266,13.03836,67.89971
3947,151.23658,-33.847
5072,10.65204,59.42851
3402,22.14502,-34.17561
864,3.67293,51.55691
3256,0.07308,35.93396
303,-3.26114,53.319
5899,34.97411,29.46779
4677,141.0211,45.30506
4279,132.05751,34.8946
4852,142.94559,44.60586
4665,140.12945,41.96941
4419,141.16884,41.82166
1976,-3.51901,36.71772
455,25.26543,39.87096
2651,-4.28497,48.31598
6142,-89.15854,37.08387
6115,-87.89702,37.92563
522,20.23546,39.39988
2473,-7.04138,55.18623
7173,-85.70224,11.54147
551,24.78394,35.41356
742,19.97983,39.46039
5885,115.06947,5.02021
3496,53.37699,24.45892
5526,126.53602,36.25011
2413,0.44434,51.49469
2143,28.92728,40.35852
1929,-8.24496,43.46405
2045,13.76663,45.60689
1980,-9.21342,43.10579
4930,134.42144,33.66394
5859,50.60941,26.23261
1302,8.87166,50.12526
1128,5.06899,52.3312
1030,5.13189,52.34006
5539,129.11549,37.54534
6005,-122.30497,47.95062
4932,133.09828,34.33104
304,13.5896,54.4803
3637,70.66661,20.75725
3658,72.87173,18.98495
5525,128.54984,38.30208
1833,8.15206,48.91715
1951,-2.69771,43.40846
305,69.6888,22.7358
6650,-52.4273,-0.9252
2254,11.21781,58.70037
5369,21.49265,65.27031
1078,6.274,53.30173
1373,7.64794,51.95027
2904,28.39616,44.17849
3048,33.03868,68.9726
4900,140.95603,42.35222
4819,134.14292,33.27938
4357,130.88717,34.13777
2474,-9.85443,51.65485
3520,54.46512,24.38326
4318,131.73231,33.49307
6340,-91.04843,41.41669
1938,-5.6812,43.56092
6279,-86.30748,43.23359
7023,-61.18946,12.87902
5608,28.33332,61.05668
4478,141.39295,40.93242
5654,24.9559,59.49794
5702,-7.64844,62.10256
19,25.3219,37.4628
449,25.3278,37.4493
1636,-5.05186,50.17829
5064,15.06866,68.91226
785,26.93061,36.98991
6327,-89.91816,29.6272
3063,131.77661,43.18274
2997,132.318,43.0154
473,20.94694,38.66672
54,26.5599,39.101
5619,22.04918,60.45573
1050,5.14999,52.31028
3787,135.5797,-3.232
4700,141.4955,38.53466
3414,40.66445,-14.54169
3310,-2.92299,35.27392
2591,11.75529,55.2251
666,21.82914,38.39221
11,22.7948,37.5707
5431,123.76263,10.20415
4879,133.28133,35.55678
4982,136.04821,36.11397
3629,79.85263,10.76472
4280,129.84051,32.71349
4503,136.34326,34.20266
4724,130.44097,32.9268
4815,133.16011,34.27146
2741,14.16078,40.80769
4605,131.46357,34.49756
4715,136.84288,35.0272
2354,-3.86127,57.59063
4261,140.59961,36.33826
4788,140.95197,36.95828
4929,131.5541,34.00306
4291,133.07814,36.10597
4956,132.43636,34.2367
4242,131.25074,33.61135
3090,132.92548,42.81669
6035,-157.0106,58.72345
306,11.1237,54.8321
5481,126.47002,36.53497
3365,12.13392,-15.19383
4892,132.95567,34.12483
4976,140.86713,40.92487
3689,127.08422,-3.27148
3758,123.04247,-10.72367
5846,125.40194,38.71581
5145,11.50497,64.45578
5485,126.72022,33.27645
4196,117.01711,23.41436
6501,-123.85211,49.14018
4742,133.08933,36.05099
4747,136.97377,37.0666
4186,113.27934,22.74148
4222,118.79913,32.23076
4188,113.6759,22.67292
2658,2.1803,48.89876
307,-1.54466,47.2016
6491,-80.06108,42.78977
4194,120.8436,31.96348
6223,-70.09045,41.28508
4566,138.2639,37.20378
4749,133.98897,34.46886
450,25.2457,37.1359
4022,176.91056,-39.47311
6938,-76.79463,-12.47633
308,14.2773,40.832
5314,13.43608,68.1315
3666,90.50749,23.61606
3972,150.12807,-36.2122
5664,28.06024,59.46038
309,17.4076,68.4223
6166,-86.77066,36.16143
5407,125.33364,8.9785
7150,-77.33209,25.08057
3329,-13.23577,8.49252
5650,22.39695,58.21528
6640,-35.20694,-5.77439
6109,-91.4199,31.55627
5756,178.58671,-17.67465
5368,18.1097,58.8821
1118,4.75249,52.43863
3625,71.08147,20.74234
6657,-48.6607,-26.8984
2215,16.79873,58.62396
2676,-6.72442,43.54269
6303,-159.35344,21.95115
22,25.3709,37.1041
3547,52.6262,27.34985
733,23.63307,38.51112
840,23.40215,40.13429
675,23.05574,40.31033
310,24.479,40.947
576,22.74731,37.58293
671,23.98337,38.08819
621,22.8565,40.46086
510,23.27855,40.23613
714,23.52823,39.94619
504,24.20517,38.17344
507,23.05407,36.50681
6774,-58.7117,-38.57464
986,5.16666,51.762
1059,5.0521,52.2677
1409,7.13596,50.08807
977,3.70742,51.6317
877,6.00473,51.2533
4972,130.75821,31.21762
3549,53.27527,36.85288
2637,15.13953,55.06445
3941,146.85515,-19.15982
4029,173.27501,-41.2569
3946,152.14507,-32.71807
57,26.9248,38.7686
4774,145.5809,43.3422
524,20.77192,38.99685
5477,126.51592,34.19602
759,23.78427,40.09166
461,23.06803,38.93876
873,4.8809,52.27389
311,-13.6863,65.1387
5184,13.00945,66.20126
2889,27.72945,42.65987
5075,6.20349,58.33758
5117,6.16109,59.26146
1996,12.65963,41.45229
2560,13.09313,54.52379
1408,7.70536,53.70156
1322,9.04122,53.80407
1838,2.25225,48.88253
1401,6.7003,51.21285
1439,10.81022,54.09403
1413,7.47326,50.41437
3012,141.84677,46.67924
2963,142.07581,47.80808
6202,-82.74872,42.66785
6285,-70.91643,41.63333
6217,-72.91185,41.29083
1707,-0.3623,53.7067
6189,-91.84267,29.93534
6293,-87.99047,36.03372
6328,-72.09046,41.34888
6277,-89.53838,36.58155
2953,31.77846,47.28304
312,-90.12018,29.90979
4055,174.0411,-39.0549
2484,-6.94984,52.39281
313,-74.0504,40.6759
5984,-74.00406,41.49436
6302,-74.00606,41.51491
6036,-70.87082,42.81483
314,151.76158,-32.89857
1625,0.0549,50.78697
1679,-5.54474,50.10322
1608,-2.98457,51.55635
3939,151.3032,-33.65508
6146,-124.04586,44.62792
6292,-71.32109,41.48469
5962,-117.9048,33.6091
4937,139.54489,38.55981
4087,109.21691,12.20198
3646,72.94565,18.95656
4377,133.03154,36.005
6851,-75.54655,20.7145
315,7.28942,43.6908
1352,8.65717,53.12774
1495,6.9684,50.98653
1289,10.81031,53.99404
1075,4.33893,51.81561
1039,4.83388,52.33107
1037,4.88502,52.73368
1073,6.09266,52.57983
968,5.10702,52.02675
5015,4.63151,51.96993
934,5.00642,52.19639
899,4.77736,52.14851
316,2.7522,51.1346
1187,4.87258,51.93635
4507,132.6618,34.2162
1650,-4.03156,57.69196
5012,5.02307,52.27301
4356,139.1701,37.9772
4434,133.33042,33.99642
4676,135.30607,35.69287
1144,5.46532,52.25706
1083,5.82371,51.84714
2962,31.97222,46.85406
818,20.72038,38.76114
6056,-151.39834,60.67512
773,23.66347,40.21716
2944,31.95583,46.97812
3061,140.71105,53.13206
2941,34.3798,47.55184
511,20.75532,39.01871
4275,132.40004,35.15742
4210,121.84673,29.94439
4110,119.71632,26.77841
4183,121.5371,29.48895
4779,133.63548,34.19741
1767,5.25839,43.33925
6819,-77.62447,20.02525
4578,129.1965,34.27072
4633,144.32738,42.99361
4898,130.22114,31.9132
4739,136.39031,34.21485
4631,130.98944,30.72858
4809,133.73217,34.2613
3460,52.1966,15.82037
4536,131.53807,33.36511
680,27.14116,36.61409
4766,129.33619,34.5359
6698,-43.11797,-22.88062
3088,43.96446,56.34267
5588,-22.5301,63.9806
4737,131.69394,32.52087
4576,141.83392,40.11476
2665,3.48343,48.49372
2235,14.7344,56.003
4300,141.1184,40.8763
3596,53.48336,26.89648
2749,8.4191,44.20314
5683,-6.673,62.00783
6213,-165.43244,64.49725
1467,4.82518,52.69743
1206,4.52777,51.68568
3887,153.06088,-26.3969
3374,13.42905,-5.86793
317,7.15952,53.6223
1407,8.50081,53.49142
318,7.16427,53.6987
5163,5.981,61.9076
1508,9.66849,52.42289
5681,-6.74069,62.19498
5115,8.56414,63.71107
1346,8.80695,54.49857
319,-76.3565,36.935
5070,6.15116,60.3686
7110,-64.61542,18.31748
5817,157.19746,-8.2295
4231,137.32979,37.52299
2198,20.74122,63.86309
320,16.2117,58.6017
2195,18.72763,59.7559
6222,-84.74567,39.14762
2276,-2.71983,56.06068
2373,0.67479,51.63662
3998,115.74718,-32.04265
6526,-54.09835,47.85153
1569,-3.39769,56.00738
6448,-60.2427,46.20651
2302,0.33022,51.45114
2455,-0.96557,50.83362
4964,139.98096,40.1952
5344,18.86356,59.32616
3314,-17.04167,20.90283
3313,-16.03003,17.98865
5873,166.42946,-22.27852
2934,33.38744,46.77479
2867,14.87701,44.55725
5827,19.85961,45.2437
2812,13.5589,45.32045
2976,37.79866,44.71812
2992,72.90396,67.68884
3557,51.51184,36.66079
6839,-82.79957,21.89877
6998,-58.42638,-33.88002
6830,-77.2571,21.5337
6581,-105.29179,20.69118
5890,-175.18757,-21.13456
1457,4.41843,51.71767
4973,138.85265,35.08096
5030,5.7344,52.39743
3806,117.6578,4.15021
1438,11.06872,49.40252
321,-51.7177,64.1705
322,10.7959,55.2932
691,20.71015,38.70486
5291,6.94903,62.85327
2621,8.86887,56.78922
2193,17.04757,58.73653
323,17.95697,58.90254
4499,135.9679,35.7077
4998,133.09972,33.94647
4701,136.00818,36.03751
324,-122.28937,37.79358
6525,-79.66615,43.44035
4063,170.9753,-45.1075
4532,140.576,36.3081
4593,135.73845,35.50854
1616,-5.4779,56.4138
1338,9.12781,49.93441
6656,-55.51299,-1.92088
4392,135.08417,33.96818
2850,15.78889,43.67879
6333,-117.25896,32.75061
6490,-127.6953,52.3501
6181,-91.0229,29.6623
2958,31.57181,46.61995
2955,31.53123,46.61017
5533,126.51725,36.43883
7116,-77.10939,18.41014
5028,5.5379,51.9011
2222,11.66176,57.70595
6054,-75.98593,35.11466
4488,145.2245,43.56957
4430,141.40376,41.22348
4435,138.29332,37.92562
5208,6.54684,60.07216
2617,10.40026,55.42945
325,30.746,46.5002
2929,30.76419,46.41592
5413,121.98443,12.41495
2734,-9.3178,38.67602
1500,8.77039,50.10768
4933,141.72798,39.05277
4599,140.91741,41.96825
6264,-75.48235,44.70895
4897,132.9211,34.18992
4690,138.2837,37.8148
4298,141.44812,38.37209
4439,133.60527,34.23189
4415,140.40464,35.25491
1010,5.82606,51.10895
4487,138.29583,34.778
758,26.21799,38.51238
4524,130.10664,33.51165
4874,139.3187,35.3059
4695,140.23469,42.79697
2530,4.22275,50.67055
4733,131.66456,33.28345
3055,42.18489,55.53428
4237,132.88699,34.18267
4667,133.95173,34.59837
3640,69.07932,22.467
3096,143.20215,59.36184
4050,174.11903,-35.30536
4470,133.33763,36.19902
4396,132.89094,34.21028
4694,140.90524,41.49458
5504,128.70851,34.88718
5334,10.5979,59.8977
5222,22.34694,70.24165
2946,31.94869,46.8366
4636,132.52746,34.15711
4669,139.52227,42.17845
5587,-18.64764,66.07512
5557,-23.70284,64.89707
326,9.53291,40.9224
1117,6.1274,52.04124
6987,-88.24807,17.47164
6419,-128.12214,52.15522
1147,5.96831,52.82621
5293,6.80513,61.8404
1523,8.22709,53.13997
1310,7.34007,53.32683
5114,13.30537,66.50563
5142,5.79895,59.60937
2545,4.87197,51.15522
1528,7.42647,51.72693
2858,14.77474,44.38149
5609,21.44123,61.23197
6025,-89.06341,37.18194
1393,10.03538,54.65959
2920,26.632,44.06081
3079,47.55085,45.78406
1279,10.17308,54.43013
834,23.78722,40.59185
4706,140.89964,41.52787
4323,138.21956,34.62865
5315,5.97831,60.21685
5176,5.9374,59.2337
4257,141.1721,41.26891
2861,14.5408,45.22085
7075,-88.04839,15.78296
4814,129.66977,33.075
2663,-1.83262,49.70558
3041,73.3586,54.98563
4773,142.96634,44.58677
4395,141.49415,38.59032
4589,141.45764,38.44128
4762,140.88639,36.926
1900,-2.41767,43.32479
1015,6.58932,53.33499
3060,38.07907,63.90907
4069,174.78178,-36.93279
4756,130.78741,31.25043
4418,130.19203,32.54789
4592,130.01049,32.23867
4691,132.87652,34.25009
4494,141.3116,45.13563
3350,7.15772,4.68415
4227,145.7859,43.3879
4555,131.16002,33.97086
4645,133.18297,34.39824
4402,132.92163,35.5182
5540,129.37695,35.43636
3935,115.09782,-21.62759
5960,-89.31843,46.86957
1214,5.95112,51.19346
937,4.35304,51.68289
2579,10.09566,53.44608
4452,138.22659,38.02358
327,2.94081,51.2249
930,4.8399,51.64137
1168,6.16412,53.37784
1119,3.64986,51.55843
2833,19.17296,45.26515
4021,174.11938,-35.31245
4058,174.80604,-36.84981
3274,-0.63438,35.71487
6010,-93.74656,30.06514
1124,3.70615,51.51241
6158,-122.94282,48.59679
2154,37.8537,41.0179
2947,35.3722,44.9549
2785,17.17424,42.97327
639,23.08667,38.94833
3904,147.88059,-42.55503
6253,-72.23945,41.15341
4725,134.4791,34.21337
1914,-2.12787,43.28408
2065,8.54809,39.86306
5187,9.8593,63.31988
3610,64.67989,25.2038
5434,124.60245,10.99956
757,23.73667,40.23361
844,24.57746,40.76068
5230,13.70416,66.86627
328,18.4152,59.0891
5372,18.72191,63.28042
1896,0.13446,40.07504
811,23.79391,38.32325
2912,22.40278,44.72471
2744,14.41835,42.35167
2900,23.97286,43.73904
2710,-13.45251,29.22509
329,135.39706,34.60134
4348,141.55553,38.70178
4639,129.22642,34.31137
5076,10.60404,59.67442
6473,-78.82228,43.86245
4502,141.23086,45.24139
4424,129.43871,34.51443
4287,130.43736,33.89421
4857,129.63265,33.04358
2238,16.47366,57.26384
330,10.7174,59.8975
3433,37.36015,19.13094
5106,5.47029,60.18164
5000,5.54429,51.78033
893,5.92191,52.80734
1415,9.19286,53.91713
2751,11.13129,45.06316
5361,17.34246,62.47867
3078,131.86699,42.96811
4656,138.36624,37.83513
6353,-76.51343,43.46506
4684,138.48331,37.9113
4622,132.23389,34.2363
4731,141.01826,43.19538
575,19.40351,39.8403
4567,140.78738,36.8255
1357,8.89601,53.82633
6538,-123.31396,48.79815
5380,14.03214,58.94796
5097,11.28536,64.85914
898,4.41449,51.82945
1032,3.93428,51.79772
860,4.64585,52.2151
1212,5.11109,52.85566
1097,6.00033,53.12276
5021,4.63354,51.93622
1086,4.85456,53.04212
987,5.0874,52.20576
1798,-0.24747,49.28637
331,25.4487,65.0144
803,23.07797,37.39077
4561,130.36324,32.52657
4250,141.49556,38.45448
4673,129.43137,34.67498
570,23.97812,40.32614
5611,20.50911,60.11138
4666,136.2118,34.0711
4606,133.04431,35.55632
6533,-80.9393,44.58245
3360,9.507,0.2823
6305,-87.11048,37.77808
332,17.1183,58.6592
5673,-6.98392,62.18773
7033,-63.01358,18.05195
2468,-9.89668,51.81244
5432,123.84371,8.13762
4916,141.52083,38.60875
3081,143.1171,46.6028
5780,121.79073,25.14762
1066,4.11107,51.35291
667,23.36223,37.97282
658,23.3805,37.9717
2714,-9.29399,38.69078
3716,115.51161,-8.53384
5282,10.7742,59.87486
1659,-4.93513,50.54114
5912,-88.58997,37.08638
5491,126.13378,34.37788
5388,121.74042,13.89205
5894,-170.6734,-14.27905
4036,174.09366,-35.28074
1717,-2.02744,47.29006
6923,-81.1115,-5.0774
3794,113.58083,-7.7065
5770,18.85664,46.60548
4026,175.86243,-37.00303
6169,-96.22603,28.69667
746,23.16283,37.63833
561,23.07681,39.15366
539,19.71053,39.67235
467,20.87795,38.78225
1873,3.13209,41.84151
6273,-81.62776,29.64508
2069,9.38723,41.18208
5661,24.04259,59.34947
781,23.67694,35.22371
1995,13.37979,38.12482
2081,15.27777,40.03116
5669,24.7144,59.46005
6080,-80.04182,26.77255
3280,2.84483,36.74936
333,2.63551,39.5553
1885,-5.42102,36.17585
6822,-78.9687,21.58487
780,27.17119,36.61911
5430,124.3811,11.05153
3713,120.21357,-2.98803
802,21.30342,37.75446
1772,-4.51986,48.58741
6927,-76.31518,-13.25948
6911,-79.49911,8.97427
6199,-85.73187,30.17548
3620,74.8062,12.9268
2017,15.07849,38.63752
5828,20.63693,44.85561
3423,38.97462,-5.42933
3743,106.13174,-2.09718
3734,98.20929,4.12225
5715,100.57788,4.2121
3796,105.27231,-5.46435
4090,122.03079,40.66047
975,6.03034,51.88976
767,27.84531,36.5506
657,24.69119,35.41993
2959,32.80239,45.54842
674,25.04331,35.35467
2057,11.94096,36.83567
1546,-2.89284,59.32654
2307,-2.97219,59.32136
7142,-85.65569,10.63987
334,7.37951,53.0922
1009,4.70432,51.82426
3134,32.41338,34.75393
1530,-4.70321,50.34364
6933,-80.86765,-5.76979
3618,86.67392,20.26715
3571,52.41722,27.64797
756,22.5969,40.26026
841,22.893,40.40733
768,22.77574,38.88019
703,22.88596,38.2356
755,22.76692,37.41449
6977,-55.15901,5.81717
6771,-60.52717,-31.71413
6703,-48.51766,-25.50053
7082,-55.08909,5.61322
6699,-44.70762,-23.22079
3799,119.62092,-4.00324
3538,49.09619,37.64677
824,20.40164,39.28281
5635,22.29954,60.29692
6712,-73.46845,-41.79944
6669,-56.73799,-2.62335
1765,2.33713,48.85795
950,4.46491,51.90503
5666,24.47982,58.38089
21,25.1431,37.0885
6418,-80.0375,45.33672
3568,61.4152,25.07362
5397,123.0413,13.50313
1889,-1.91691,43.32087
1869,-1.92472,43.32383
1924,-1.91375,43.32141
6190,-88.54556,30.33742
5727,103.89559,1.43416
2681,-15.62104,27.74637
2839,15.38815,43.95795
3611,63.47816,25.26472
6809,-57.08217,-29.72315
2472,-6.97218,52.24058
1388,13.44149,48.57492
6722,-70.19743,-20.79829
1474,6.56931,53.16353
6744,-70.19383,-20.74302
64,26.5466,37.325
39,21.7339,38.2532
5555,-24.0057,65.59824
3676,101.2461,6.90068
6204,-91.29954,29.69143
4025,175.85215,-37.02293
6053,-75.24793,39.85095
3047,132.5201,42.8675
7002,-58.10013,-32.30742
3099,40.88145,41.18161
6226,-76.77206,35.38785
6043,-157.96799,21.31667
6685,-38.8031,-3.5321
3208,10.06961,37.26649
1972,-8.91904,42.45804
5883,-4.69678,54.22623
1300,13.76756,54.13389
770,23.20766,39.00646
776,23.61295,39.99195
1264,10.22737,52.30506
5938,-87.2491,30.40178
1442,8.70292,54.50105
3409,40.48486,-12.96783
1705,-4.96465,51.69848
5722,100.35308,5.38976
1710,-3.16466,51.43502
6770,-73.00885,-36.72149
2150,29.24168,40.87007
6428,-123.66118,48.96948
6508,-79.94159,44.77721
5724,104.17211,1.32467
4139,120.73708,37.82969
2718,-9.37369,39.35166
1894,0.40131,40.35485
1724,-4.38043,47.81372
2441,-2.26002,57.68069
3837,137.94409,-35.71753
6254,-87.21739,30.40116
5950,-86.43502,43.77744
1568,-5.52908,50.11779
6135,-89.57818,40.68843
3328,-13.05822,8.57463
6958,-71.74193,19.7093
2,23.5651,37.9599
633,26.50831,39.04132
514,23.48347,37.89509
3788,101.63624,0.67175
730,23.45197,37.69024
567,20.72442,38.71928
789,23.97746,39.2008
564,23.45782,37.87707
2852,13.78353,44.95521
3900,115.85756,-31.96363
6206,-74.25207,40.53503
6881,-64.55917,10.24508
540,20.58814,38.10683
2769,12.9047,43.92444
2031,14.2313,42.4666
491,21.93094,36.95907
6343,-122.63148,38.23309
335,-1.78169,57.4984
6296,-132.96552,56.81308
6993,-61.58856,16.18853
1735,1.0101,49.37955
3251,0.39994,36.21174
6179,-84.96101,45.37808
2265,24.19436,38.40928
682,20.00341,39.45253
3084,158.63006,53.01328
3065,34.37508,61.80582
2299,-3.18236,56.0626
3924,151.31114,-33.48772
6144,-75.15826,39.88539
7003,-63.05206,18.0145
4071,104.93516,11.56447
4086,107.0222,10.59498
3681,98.40743,7.866
2757,9.70079,45.06074
6586,-110.3277,24.2716
6591,-99.11973,16.61034
4047,174.00827,-41.28289
6510,-77.13217,44.01459
6403,-62.70449,45.67358
336,22.6886,63.7097
723,22.25415,38.36038
3657,73.96017,15.54432
6372,-89.26104,29.18048
5842,26.0128,52.109
5393,123.44298,13.02679
2015,10.549,42.9326
3615,71.50443,20.91458
445,23.62904,37.94056
5865,13.56738,45.5265
592,19.84312,39.70425
1810,-2.54421,47.38284
7139,-55.28163,-34.87501
5655,24.81951,59.46936
5746,15.94868,48.33858
451,25.2589,37.0342
2427,-2.72994,56.21085
6312,-121.88262,38.03807
6238,-80.01478,40.44259
7076,-88.37401,16.52043
794,24.39395,35.18973
795,24.38011,35.19325
6088,-87.19937,33.64152
6138,-91.2211,30.28898
1006,5.91856,51.73313
2974,136.3126,44.743
683,22.62185,39.99502
790,23.27373,39.13908
741,23.91199,35.5201
664,20.27491,39.45264
648,22.96172,36.36456
503,24.73156,36.92907
2677,-13.83168,28.86016
2703,-16.73721,28.07885
2669,-17.19594,28.02709
6553,-87.07306,20.61795
2683,-16.81353,28.17868
2799,17.42574,43.05187
734,26.36963,38.97308
2848,14.1838,45.13069
5916,-72.20554,41.17243
338,-4.1541,50.3632
644,22.83733,36.68698
1948,-8.9338,42.6065
3085,132.30759,42.99243
1098,4.49046,52.18332
5480,129.41136,36.02116
5613,23.55289,60.09552
3579,55.74861,26.97363
6011,-96.56591,28.65362
7120,-61.70135,10.20018
3927,144.43951,-38.12741
6974,-61.49559,10.39362
6110,-122.3989,47.78153
7108,-61.4835,10.32376
7079,-61.53913,16.22505
3364,11.83516,-4.77939
5451,124.00257,11.07612
5446,121.93434,14.71477
5399,124.22808,7.35217
774,24.5274,36.76506
857,24.6108,36.7848
3762,121.59747,-4.17537
2809,13.90343,44.82299
2892,27.63635,42.55501
1088,5.83968,53.11384
7172,-66.62312,17.96823
3616,79.83217,11.91236
3651,75.91786,10.78937
6637,-40.57223,-20.7865
6693,-44.33379,-22.95483
6642,-48.35548,-25.5647
3731,109.34057,-0.02145
2655,2.10085,49.04717
2075,12.96625,40.89655
339,-1.98554,50.7107
1207,4.16837,51.51147
3046,131.71779,42.96012
3619,69.59638,21.63102
2793,13.5914,45.2256
5606,21.39683,61.64008
4041,174.86501,-41.10392
6891,-63.85122,10.94836
2991,143.1168,49.2299
6,23.4512,37.5039
513,20.78189,38.14809
2805,14.28414,45.13017
5259,9.61351,59.11925
1855,2.47804,39.48953
6424,-124.81718,49.23398
3404,26.89277,-33.59652
6124,-159.59113,21.90008
6149,-91.19938,30.45324
3976,150.86287,-23.58424
6027,-123.42756,48.12992
1727,-2.77925,47.62393
7044,-76.45458,18.18363
2369,-5.41506,56.55407
6120,-97.06722,27.84114
6184,-93.92895,29.87203
3954,147.86083,-43.14982
1559,-6.10436,55.8492
6996,-72.36501,18.55318
6447,-59.1364,47.57659
1868,2.50659,41.55699
3652,92.73428,11.67791
5980,-122.50401,47.59537
3856,137.76735,-33.005
6437,-66.78407,50.0279
4028,170.6282,-45.8126
6008,-122.0221,38.0594
6240,-82.95695,41.51591
6417,-79.2487,42.8814
6466,-79.57911,43.54699
2930,36.62979,45.36289
1737,4.98382,43.39704
3272,2.67183,36.63801
1927,2.69421,39.79546
5718,101.79303,2.51865
3990,145.45956,-16.484
6493,-80.19826,42.7814
1802,-2.895,47.5433
3225,10.60126,35.89288
3392,25.64205,-33.95494
1573,-6.19032,55.6261
1811,-0.7556,49.34999
6239,-80.1029,42.14562
6384,-80.11834,26.09172
4049,175.36076,-36.16417
2350,-4.68382,55.93629
2376,-1.31158,50.86086
341,-127.47668,50.71635
6434,-61.36472,45.61226
342,118.57374,-20.32267
6521,-78.29091,43.94131
6096,-82.42642,42.99312
1700,-4.83367,50.59438
6336,-73.07381,40.95143
1748,0.53535,49.47193
7133,-77.60389,17.85894
3970,150.90734,-34.46886
5709,101.34625,2.99914
1812,3.05724,43.01954
3815,145.3865,-40.8356
6134,-96.61967,28.62027
3829,135.88006,-34.71736
6015,-152.86508,57.87047
7161,-61.53234,16.41082
7192,57.48244,-20.14076
1728,-3.3528,47.71112
3895,152.89918,-31.42388
6220,-82.56411,27.63386
1719,2.11279,48.88009
6396,-127.08695,50.59318
1566,-6.22394,56.83064
5800,147.1342,-9.45633
5939,-73.90672,40.79952
5790,14.59093,53.56318
2344,-0.78736,54.56006
1801,-2.91439,47.5503
6271,-93.94505,29.99566
6165,-96.44138,28.42735
6981,-61.51707,10.64628
3405,18.14828,-32.78973
1827,-1.46162,49.6939
3878,138.01306,-33.1747
7178,-64.60947,18.42479
343,67.321,24.7717
2664,-1.89645,49.71214
6966,-77.40824,18.46553
5921,-75.08798,39.97724
7016,-76.84314,17.93985
3167,32.30716,31.2518
6203,-82.5368,43.43092
6136,-86.21593,42.90097
5860,-4.73313,54.07281
6451,-81.21307,42.66342
3884,152.10491,-32.71706
3435,37.2404,19.602
1595,-3.80758,51.57683
2370,-4.0846,51.45923
5981,-122.75413,48.11027
1800,3.11412,42.51976
5881,168.30328,-17.74101
3942,137.8628,-34.7651
3973,117.1758,-20.58767
6007,-87.8635,43.386
6482,-79.21409,43.22031
6332,-123.17698,46.18268
6414,-70.86937,48.33839
6401,-64.35504,49.81107
2435,-5.55027,54.37994
1933,2.5682,39.5301
2283,-5.32003,55.87628
1672,-5.43588,54.45753
2332,-6.54794,55.21812
1934,3.1659,42.42612
2403,-2.71998,51.49639
2306,-3.70113,51.4751
1646,-5.31915,50.08179
2715,-8.53271,37.13113
2375,-2.75508,51.49325
2464,-2.86293,57.70475
344,-122.70733,45.5688
5951,-70.23877,43.66124
6377,-97.33696,27.88017
1660,-2.43752,50.58533
3899,141.61853,-38.34742
6435,-71.87725,46.68185
2735,-8.65651,41.14429
6624,-51.24056,-30.0605
3370,11.8361,-15.79267
2007,10.3972,42.7627
6694,-48.5438,-27.1505
6633,-52.24195,-1.75404
2756,12.27485,44.55462
6683,-41.01154,-21.85338
1891,-9.00183,42.72805
2026,13.5282,37.2811
345,10.3407,42.8083
607,23.22181,38.15676
2747,15.94907,41.61551
568,23.79377,40.0754
652,25.12161,41.00523
2753,12.36565,45.05094
2056,13.23573,45.78719
2759,12.4752,44.98072
810,24.0176,37.88969
2047,11.12296,42.4364
6673,-39.06597,-16.45462
346,8.38239,40.8459
6634,-56.37682,-1.45959
2009,12.24583,41.73757
1819,9.29282,41.58935
6660,-63.91198,-8.76483
2027,9.83721,44.05127
2765,12.21351,45.01701
6912,-79.65737,9.55629
6670,-40.05642,-19.84647
535,23.14647,37.31984
1919,-8.81934,42.39545
2066,15.12361,36.67019
1854,-8.94686,42.76211
2086,8.3953,39.195
1596,-5.29267,50.26397
2343,-6.18876,57.4101
2362,-6.6578,55.2056
347,-1.10333,50.81248
6257,-70.75416,43.07931
2443,-1.1131,50.76266
2432,-2.68858,57.68687
6724,-70.42976,-53.30363
5614,25.55657,60.30942
6812,-55.9091,-27.35141
563,27.05695,37.71236
2758,14.48953,40.62573
7154,-80.23976,-2.70859
3013,130.801,42.648
3144,41.64948,42.15697
3780,116.83352,-8.521
642,24.60376,40.61031
5976,-73.94185,41.70817
5982,-122.64845,47.73194
2260,22.97804,36.51974
453,25.0994,37.0378
2737,-8.7655,41.3729
6450,-124.53185,49.83538
3530,60.3005,25.3561
348,14.8337,36.7123
2089,14.11412,40.82397
3672,99.58157,11.20348
5824,22.6094,44.29233
2990,142.00472,46.94444
2840,15.19592,44.07638
1921,2.36831,41.48929
6415,-75.51356,44.70681
6245,-83.48563,45.34097
6846,-75.59182,20.74085
2284,-2.73769,53.76067
52,20.757,38.9565
2999,142.90232,46.61995
3045,28.64791,60.3459
3032,38.14776,46.03705
3849,147.30297,-42.82675
6391,-130.34144,54.31056
7054,-76.17616,24.6363
7128,-83.56728,13.40851
2779,14.94804,44.5809
2033,14.02785,40.7673
6560,-89.67651,21.32261
1785,8.90241,41.67903
6201,-71.38805,41.80148
2832,15.799,43.72309
2843,15.78583,43.73336
2951,35.49548,45.11512
654,23.59914,38.56554
602,25.56999,38.53991
782,23.21558,38.10805
635,27.13211,36.93123
858,23.58829,37.943
6610,-96.49261,15.66432
6906,-82.87441,8.21306
7055,-88.60812,15.73623
6813,-62.10083,-38.89861
7148,-71.95979,12.25875
6988,-80.0027,-3.25791
6886,-68.00396,10.48273
6967,-84.71993,9.91474
2678,-13.70783,28.91535
6855,-76.54382,21.2294
7121,-85.963,16.00474
6730,-72.82407,-45.46702
6928,-79.44034,-7.69455
6739,-73.03794,-41.52628
7143,-87.94587,15.83121
2701,-16.37506,28.29145
2708,-16.61274,28.02044
2679,-16.54637,28.41908
2692,-17.89963,27.78127
2697,-15.71018,28.09882
2709,-16.84239,28.24764
2696,-15.76493,27.81641
6820,-77.21132,21.54169
2694,-15.378,27.97144
2672,-13.8551,28.48903
6810,-65.90741,-47.75682
7134,-74.23479,11.06214
6731,-74.41121,-49.12999
6582,-111.30907,25.8136
6842,-83.73006,22.77624
5402,120.95274,13.50483
6797,-62.30929,-38.78402
7136,-83.30131,8.54168
6884,-64.65368,10.22269
6565,-112.69546,29.89675
6572,-92.40451,14.70494
6806,-65.01793,-42.74835
6826,-76.82398,21.3583
6742,-72.95092,-41.48098
6904,-81.05509,7.92576
6714,-72.51684,-51.73165
6577,-113.54506,31.30527
6602,-91.84959,18.64536
6953,-70.70184,19.80275
5420,118.7328,9.72906
7024,-90.78916,13.91913
2704,-15.71326,27.78127
6805,-62.06947,-38.92801
6555,-116.88262,32.05432
6995,-86.76547,12.20045
7036,-88.61532,15.6985
6841,-77.25381,21.56759
6557,-105.24429,20.65593
6567,-101.05794,17.27669
6950,-70.83929,18.34493
5621,29.90651,62.10122
2790,13.83004,44.87441
3736,103.89673,1.15917
571,22.90216,37.11619
2803,14.62301,45.02998
4012,103.89372,1.42323
6761,-70.86302,-53.14468
6955,-68.37708,18.49907
6877,-70.23494,11.62193
7081,-56.16229,-34.9313
6748,-71.50532,-31.88919
6540,-105.51647,20.77042
6893,-64.10014,10.89594
7077,-54.94876,-34.96116
3359,8.72091,3.78674
7157,-88.80014,16.10043
2707,-8.5145,43.3465
6965,-58.06799,-34.22413
7135,-84.83395,9.9704
6889,-70.21795,11.70694
1677,0.2547,51.4678
1473,4.944,52.51224
1459,4.5773,51.8073
349,11.2297,54.5038
5542,126.80987,36.96571
816,21.69679,36.91742
5479,126.84638,33.32667
697,23.72073,40.33425
836,26.94542,37.68845
3488,59.42162,22.66088
5804,49.68981,40.24676
3497,52.85636,24.92618
3575,55.75182,26.95271
4157,120.2663,36.05302
4221,119.64996,39.91458
4190,108.64425,21.64962
5809,49.4836,40.12844
4095,118.67748,24.8301
6506,-71.19454,46.82266
3839,144.6733,-38.26502
3416,36.88405,-17.88326
6752,-73.60137,-43.12305
6749,-73.6763,-41.56561
7011,-84.16923,9.42586
1797,-1.6798,49.66901
3562,56.27163,26.96922
4077,109.24934,13.77938
1773,-3.12461,47.47626
6171,-91.41965,39.92579
6732,-71.50295,-32.76175
2359,-5.67954,54.36776
3467,58.92826,23.26509
1134,4.87479,51.69822
2836,14.7649,44.75357
2868,14.1556,45.0768
3297,-6.83664,34.03723
5803,152.17,-4.2025
5273,5.13832,60.00903
3437,38.99481,22.73951
1157,5.32913,52.27138
4078,105.07528,10.00711
6156,-87.77592,42.73431
3230,10.30318,36.80605
1730,0.48607,49.48515
13,24.0129,38.0232
5083,9.59611,59.09864
3779,122.73418,-4.83684
6289,-122.93592,46.09194
3569,56.08448,27.09672
4465,145.5127,43.1841
3064,135.45594,43.94163
6800,-59.99427,-33.47849
5129,13.22341,68.08822
6497,-57.38493,47.52005
3554,60.74648,25.26818
350,-4.38116,54.3224
351,1.42125,51.3257
2622,10.05331,56.46079
3685,98.58538,9.93751
3655,73.28349,16.89095
3835,138.18445,-35.51993
2352,-2.8568,59.2481
3190,22.17171,32.91182
3502,55.9498,25.81185
3453,49.19556,27.5769
3442,48.63399,28.12066
3306,-2.4211,35.14588
3176,33.11286,28.34759
3517,51.57864,24.38168
5836,51.62693,25.91669
3192,18.58621,30.50195
3470,56.36231,26.36693
3170,33.28011,28.1343
3447,50.07333,26.62906
2863,14.0507,45.02851
1261,9.56537,52.39509
5904,130.29993,42.23223
2412,-6.19542,55.29189
2491,-7.52786,55.09525
3628,73.27666,17.00191
5221,5.14003,61.97409
5579,-15.94178,66.45487
5626,21.44244,61.12456
2795,15.05876,44.02263
2547,4.9903,51.36041
2025,12.26608,44.4794
4064,170.54416,-45.86984
1243,5.65195,51.79654
5346,19.08196,59.75192
3679,101.3025,12.641
4601,140.59812,42.57423
2024,9.14076,44.35956
6618,-34.87522,-8.05843
5993,-164.07057,67.57404
3991,153.31036,-27.61569
5977,-122.20883,37.51539
1494,6.39534,51.75656
5167,16.04598,68.6779
1447,12.09808,49.02139
352,15.6504,38.124
5210,6.25967,58.33063
1519,9.69901,54.31265
2950,28.28678,45.43606
340,21.45025,61.61398
5371,18.34334,59.42382
6788,-58.92731,-27.49624
5365,11.16402,58.80386
9,24.4804,35.3688
7193,55.29984,-20.92624
2742,11.13099,45.0589
765,23.40134,37.96106
5544,-14.22181,65.02965
5551,-22.2054,65.42466
353,-21.896,64.1503
3067,131.7354,42.9218
2565,8.51015,49.43432
5855,7.79222,47.55645
1328,7.59181,50.39362
2581,8.00516,48.75765
948,5.5613,51.95648
1529,7.61303,50.287
47,28.2325,36.4501
1252,4.42403,51.84406
1688,-4.77269,56.01107
1947,-8.82327,42.65079
4371,141.96647,39.62035
354,32.053,-28.8025
5995,-119.26909,46.27476
6363,-77.42556,37.52599
935,4.61831,51.88417
1553,0.75974,51.38496
1274,13.3432,54.17795
1526,7.63288,52.25766
5545,-23.8026,64.9187
5858,24.09644,56.94825
355,14.4232,45.3284
878,6.00991,51.25707
1161,4.66832,52.19949
905,4.58394,52.19441
2068,12.57376,44.07964
6515,-68.51407,48.48189
2051,14.82932,38.54647
5822,157.11252,-8.12087
2297,-5.63098,54.45029
2886,19.40371,41.38186
2471,-9.97193,53.60299
598,21.78621,38.31073
6671,-67.81915,-9.9775
6707,-73.22305,-47.9674
7162,-77.45394,18.47187
356,-43.16295,-22.90192
6776,-69.21779,-51.61117
6629,-52.08553,-32.02822
6781,-67.68253,-53.79429
6952,-70.01869,18.41869
6604,-88.15594,21.59929
1987,10.43036,42.81565
2877,18.69291,42.51232
2188,15.25709,56.17404
3978,147.32883,-42.84422
5066,9.24415,58.72836
2755,10.84348,45.88083
2740,9.42408,44.25325
3955,152.92464,-25.42973
6159,-74.82353,40.12748
4044,168.01855,-46.35752
1143,5.80375,52.44518
2096,40.52554,41.03409
4098,119.53514,35.32074
7127,-63.09269,18.1994
7137,-64.61222,18.41813
7058,-86.50478,16.31652
3406,18.37741,-33.79758
3966,139.7505,-37.16174
1742,-0.95244,45.94447
6227,-69.09797,44.10389
6029,-69.07271,44.18342
6194,-87.04549,37.8908
7129,-77.1405,17.81988
6326,-81.83302,41.48726
2229,11.64213,57.69872
1906,1.4856,41.1683
357,11.3489,54.6528
3965,151.12182,-33.85457
5910,-122.26217,38.05523
6897,-79.5734,8.95565
7181,-60.96094,14.08104
5215,13.07629,66.65561
1031,4.63261,52.19353
2589,14.68871,55.09585
985,5.98684,51.19268
5304,11.23453,64.85852
2513,3.14284,50.94296
2841,16.30326,43.39662
6342,-83.81147,45.42304
1716,0.24425,49.46646
1155,5.85916,52.54303
5140,15.41112,67.1085
5648,23.42023,58.90724
5651,24.79183,59.55979
5847,22.81131,57.50929
4383,140.66734,40.93376
6367,-90.83937,30.04889
5340,15.30207,56.17324
2203,21.25762,64.67933
5637,22.50822,58.21454
953,3.71816,51.59306
984,4.46337,51.53733
6077,-120.21025,45.72228
7073,-65.61889,18.21737
1902,-2.60432,36.75681
2201,11.62055,57.77078
6799,-60.61612,-32.95591
2496,-9.55954,53.26787
1817,-3.96253,48.71857
3889,151.264,-33.86815
7145,-61.39147,15.30598
2288,-2.11298,57.69985
5321,6.00391,59.98489
1890,3.17763,42.25365
2328,-4.78997,56.00563
358,-6.3413,52.2554
3879,150.78889,-23.16148
5007,5.34198,51.79411
5308,12.07018,67.50348
3565,51.07584,28.57216
359,12.0958,54.1278
3007,39.67471,47.19229
1576,-3.44347,56.0199
1898,-6.33019,36.61162
360,-5.05354,55.8402
361,4.1674,51.93567
1142,4.49747,51.90289
1131,4.39161,51.88685
1033,4.42779,51.88636
3945,115.54599,-31.99651
1731,1.0727,49.44296
1643,-2.98486,59.12977
2851,13.63567,45.07885
5425,122.7089,11.60322
5237,5.3604,59.3313
5627,24.15756,65.75096
1200,4.2458,51.89996
5104,5.26476,59.82124
2995,28.4418,59.7581
2641,10.70291,54.93802
3095,135.8415,44.3673
3317,-17.27989,14.71197
5672,23.27099,57.7806
4165,120.63032,27.76116
922,3.66147,51.56751
3105,29.11314,41.23135
4236,141.63527,43.96198
5697,-6.72736,62.11427
1619,-2.75412,53.31963
2525,4.28856,51.12466
2901,25.9428,43.84698
3943,153.38181,-27.64528
4038,174.11913,-35.26126
3513,52.72832,24.16364
3003,38.77592,58.0743
1629,-1.1582,50.73641
1539,0.74041,50.94939
4895,132.504,34.1403
4432,138.44375,38.07993
5108,23.64388,70.63496
1181,4.62145,51.79066
1944,2.7484,39.5009
1219,5.30313,51.69788
5640,22.23761,58.53529
6573,-91.18231,18.97488
5447,120.97599,13.5216
3691,95.3185,5.8855
475,22.90758,37.1879
2988,72.07372,71.28124
5978,-93.89223,29.75397
6908,-79.06984,8.62882
3372,12.13679,-15.1287
6232,-121.51452,38.57267
4797,131.90905,32.9783
2600,10.54947,55.86523
3180,33.94931,26.74223
3309,-9.25087,32.31068
4349,133.11037,33.07082
4514,131.8676,33.25119
4541,138.2089,34.6861
4960,138.21517,34.70086
4877,130.18566,31.99441
610,20.17963,39.62516
4722,132.6854,35.4431
4548,134.44894,34.76506
6503,-71.05943,48.43139
362,-0.20937,39.6406
5062,5.38251,59.77364
4413,140.86164,41.4359
3287,-2.29692,35.11606
4776,133.14746,33.94159
1715,1.02734,49.29589
2304,-2.16867,49.18644
1768,-2.73784,48.52646
1794,-2.2449,48.64
7072,-61.27501,16.24964
1720,2.27525,48.94454
6178,-122.80782,45.8974
6517,-73.12581,46.05901
6465,-66.05529,45.25905
1839,4.809,43.38583
1799,-2.02917,48.64189
1825,5.92445,43.08354
2422,-6.27991,49.95726
1694,-5.01387,50.15742
6152,-76.21798,38.78788
5992,-93.07273,44.94729
6976,-56.16394,46.78215
7092,-61.17752,14.74426
1729,-2.81805,48.64744
5889,-2.51297,49.48184
1792,6.63456,43.27231
1832,0.75663,49.51846
7144,-61.6974,16.33503
6407,-73.59324,45.40755
1814,7.33516,43.69088
4510,135.39628,34.5435
4994,133.86379,34.34783
4811,133.25643,35.53442
4624,139.80218,38.9335
4332,134.3189,34.45467
4262,130.02737,32.31144
4234,137.04213,34.72125
3567,55.71796,26.68395
3204,11.0469,35.3908
3477,54.02416,16.95314
448,23.5301,37.9611
709,23.41823,37.9832
6941,-78.98552,-8.22523
1640,-3.76475,50.23742
3398,17.98475,-33.02248
3614,66.96973,24.805
2983,66.57637,66.53245
6331,-75.48098,39.57499
2013,14.75481,40.66666
2777,15.16739,43.93636
3315,-17.03513,14.44811
3459,42.67164,15.3173
1770,4.74358,43.41893
2012,14.87467,38.55769
6603,-95.19702,16.15522
1866,1.13075,41.07356
6546,-116.85202,31.98706
2414,-4.79111,55.63015
5319,15.58815,67.36686
2252,11.83948,57.66131
7065,-57.97739,-31.38427
363,-38.5142,-12.9677
1304,10.41071,52.17474
5710,113.3165,3.5747
6951,-69.33145,19.20074
6935,-78.49847,-9.25417
3026,50.05838,53.16578
3714,117.13886,-0.50496
6894,-79.83643,9.39079
5495,128.0906,34.91257
533,20.64606,38.25332
33,26.6825,37.7968
48,26.9659,37.7544
659,25.46924,40.47402
3106,36.35671,41.29266
4961,141.43386,38.38225
3673,100.26768,13.52303
1912,2.23023,41.41193
2711,-16.18665,28.50439
6718,-71.6207,-33.58535
6802,-64.89285,-40.77749
2067,8.10668,43.91988
2071,13.8876,42.956
6578,-105.29246,21.53994
5463,123.42348,10.47565
364,0.60326,40.6132
6562,-112.11553,24.78373
1941,-7.46404,43.71337
6364,-117.62408,33.4178
6580,-89.14425,21.35581
365,-117.18106,32.71018
2770,15.49792,42.12032
6579,-114.82483,30.99491
6814,-58.53612,-34.43757
7147,-61.46958,10.28561
2698,-6.18108,36.47337
5444,120.30013,16.61438
366,-122.38118,37.76902
6789,-55.13503,-27.8945
6975,-85.78996,11.46191
6919,-75.15871,-15.34959
7183,-66.11798,18.44935
7035,-85.8771,11.25379
6815,-67.71685,-49.30053
6777,-60.7236,-32.74264
7028,-87.42415,13.40319
6597,-112.08494,27.18946
2761,15.50172,42.11923
6943,-75.23977,-15.2494
6792,-60.17175,-33.35138
3336,-6.61586,4.74018
6787,-59.65029,-33.67164
7112,-87.96228,17.91507
6949,-69.31625,18.44153
6758,-73.14843,-36.7427
4917,134.3412,34.25745
6954,-69.61604,19.22257
6348,-160.50199,55.33358
5731,118.08414,5.80653
5035,6.2015,61.77714
1565,-4.94605,55.9837
367,10.2265,59.1133
2329,-2.74666,57.68722
5580,-22.71981,64.03765
2309,-2.05623,57.69628
5204,5.75038,58.85875
5087,12.642,66.02569
1560,-1.15307,50.65096
5202,16.67078,68.94124
3999,153.1359,-27.06892
5677,-6.80802,61.8306
6260,-82.70593,41.46476
2236,11.76943,57.62162
5188,10.4495,64.3217
5197,5.33512,59.97178
6221,-70.50606,41.77288
3389,18.01647,-32.74482
5812,49.5593,40.20555
4123,121.10493,32.54614
845,23.3105,40.0983
1332,7.13246,50.08347
2705,-6.35266,36.79008
2088,7.78661,43.81609
1874,1.29991,38.9759
6278,-119.6869,34.40868
6686,-51.37188,-29.90217
6059,-122.01896,36.95608
1983,1.53989,38.98367
6773,-60.70202,-31.65627
6931,-76.77847,-12.40906
6848,-78.57359,21.41261
2094,11.8727,42.03457
7014,-74.22005,11.24448
1899,-7.85504,43.68189
2070,15.266,37.1136
1959,2.46545,39.51273
6655,-44.39564,-22.95115
6608,-112.26296,27.33913
2073,9.19636,41.24314
1910,-8.9893,42.559
6679,-51.17173,-0.06073
368,-3.80213,43.45583
6621,-54.71147,-2.41467
6823,-75.84745,20.0157
7102,-56.35252,-34.78518
6946,-69.88745,18.46525
2041,7.91423,43.83807
1887,-3.46334,43.44136
32,25.4215,36.3979
369,-46.32372,-23.96737
1975,-8.80204,42.39752
4207,109.54545,18.19606
6647,-48.63835,-26.23192
6689,-44.05561,-2.56555
370,-44.31055,-2.52058
6645,-45.39288,-23.80916
5867,6.73617,0.34618
3801,119.02152,-8.56934
5478,126.36284,36.32899
2888,20.00686,39.87017
3038,46.0738,51.52738
2153,27.66383,40.65832
2111,27.11144,40.60861
6467,-82.41412,42.96624
5296,11.09217,59.27093
2084,9.0334,39.0907
3582,50.83766,28.87864
4996,143.2293,44.4291
1051,3.80542,51.23031
4540,129.71706,33.1558
371,13.6404,54.5101
4827,129.3875,34.64121
4420,130.19746,31.84621
3674,100.90662,12.63969
5160,6.35119,59.64504
5554,-19.64394,65.75413
6469,-84.32969,46.50113
3751,131.29108,-7.98215
6141,-122.47732,37.85577
372,-81.1117,32.1066
373,8.4946,44.3147
5751,179.32944,-16.77818
2212,15.2339,56.16335
3220,10.89327,35.67464
1623,-6.18288,56.0693
1678,-1.27889,60.13365
2378,-6.70037,57.87183
2281,-2.97577,58.95799
3867,153.09847,-27.19874
1620,-0.3907,54.28197
7038,-60.7375,11.17908
1680,-6.79705,56.50936
2080,15.49368,40.05257
1999,11.96361,36.76878
1411,13.16364,54.51282
1107,5.01574,52.59473
868,3.84786,51.73899
5001,5.78279,52.94442
1446,9.5696,54.85824
958,6.96774,53.17646
1178,4.96464,52.38108
1135,4.26298,52.09795
1130,4.39756,51.90559
859,6.18039,53.46818
1403,8.19314,50.03844
1356,9.73884,54.54108
1360,9.55627,54.51216
1270,7.7049,52.10187
5023,5.74776,52.61191
1089,4.85183,51.94235
1492,4.71641,52.70694
923,3.67235,51.56063
1325,8.5953,50.08825
1431,10.22565,50.03779
5868,7.67488,47.5329
1989,15.7158,38.25658
1594,-3.54154,58.60917
374,-1.32361,54.8369
2364,-1.64813,55.5847
6153,-118.09411,33.73494
5975,-68.89733,44.45029
2357,-1.47306,55.08442
2381,-6.69486,55.1537
375,-122.36645,47.61894
1340,9.56244,53.67119
1285,9.47317,54.82347
1981,1.60721,41.18589
2554,9.96812,52.30602
1778,-4.84764,48.03617
3339,-1.69906,4.93708
3153,35.65167,34.28234
6209,-151.72061,59.43845
6117,-82.78721,42.59879
2107,28.09429,36.70857
5590,-19.92599,65.96791
5290,12.98114,66.58022
3729,110.41919,-6.93853
4014,103.81595,1.47202
5424,121.37039,12.06306
376,141.03493,38.27042
1293,7.20773,50.08677
2055,13.22104,43.7224
2862,14.89867,44.99104
5056,17.49276,69.49516
4423,131.2115,34.3852
5532,126.47878,33.51031
5506,126.5004,36.12824
5503,126.92899,33.47451
6665,-43.70206,-22.98443
6420,-66.39187,50.20101
2541,5.47833,50.59422
6677,-36.91844,-10.84481
24,24.5207,37.139
4977,139.84331,42.44958
377,3.7095,43.3989
4860,129.63652,32.94074
378,-8.85803,38.50554
2925,33.52429,44.62195
3054,156.1405,50.6792
3091,39.80077,64.57708
1926,-5.99401,37.35495
6212,-149.42998,60.11241
6554,-90.70335,19.6431
5603,-14.00057,65.26864
839,24.1356,35.1998
2917,29.58972,44.89448
3238,10.77751,34.72232
4169,114.22768,22.54187
3519,56.08076,26.02887
6431,-65.70357,43.49299
3595,50.8069,28.91955
3588,56.20376,27.13368
3024,142.0545,49.1623
6038,-86.58682,30.43549
4119,121.60415,31.36445
4115,119.82964,39.96601
3487,58.74771,20.7442
2485,-8.9166,52.68
4150,116.6664,23.34304
4217,115.34518,22.77762
2296,-2.90434,59.03136
381,55.3788,25.3661
382,-2.47547,51.7203
3455,44.99775,12.8291
6408,-128.09109,52.151
6282,-87.69988,43.74956
383,0.74049,51.44064
4182,113.91396,22.47142
6262,-72.35908,41.08757
6108,-123.08972,47.20821
5784,121.8235,25.1278
2887,19.5865,41.80928
4166,122.42274,30.74039
4223,113.86234,22.50165
3594,55.91247,26.69749
4642,134.6636,35.6531
4635,133.89926,34.45653
4405,131.09618,31.45341
4621,133.2312,35.5742
4143,122.4603,36.89492
4263,133.14487,34.35191
4121,118.4392,24.65963
4350,129.58353,33.27377
4517,129.41114,34.49025
4568,133.53602,33.99811
6137,-122.41138,47.67821
4268,130.36425,32.81382
4748,131.81088,32.6674
4381,138.50855,35.02282
4553,138.95294,34.66811
4361,135.49084,33.54558
4485,134.62221,35.64614
4315,130.93204,33.94005
4777,135.13304,34.11616
4267,133.79697,34.43547
3469,56.47383,24.74683
4736,135.9819,33.6718
4225,130.43831,32.23725
4840,130.99038,33.87242
4660,137.00098,34.68016
4878,133.98555,34.60348
384,141.04296,38.31744
4988,129.38097,34.38549
4106,121.9158,29.18959
4821,140.24953,41.46352
4258,133.51843,34.41061
4632,135.97876,35.73448
4379,136.59566,34.8264
4836,141.31693,42.51548
3552,52.47331,27.62281
4454,141.43288,41.41006
4872,132.91359,34.2711
4283,138.45046,38.14111
4272,134.3702,34.25276
4457,129.3122,34.51814
4759,129.39727,34.47842
4862,141.451,38.67059
4335,140.01396,41.4923
3068,31.02636,59.94233
3891,150.73998,-34.85604
4229,139.4878,35.3038
1581,-0.24786,50.82763
4934,141.76267,44.53418
2436,1.27722,51.95953
4175,118.9753,37.27437
385,48.17139,29.0423
3440,39.52743,20.64963
4162,111.05116,21.49584
4512,141.01499,43.23224
4179,113.28303,22.78616
3852,148.78608,-20.29502
2827,15.89407,43.72651
3723,98.78423,1.72597
5716,111.82902,2.28275
673,19.70769,39.79377
2746,16.30972,38.27423
3255,1.09794,36.49452
3209,10.35174,36.86682
3215,10.90778,37.02058
3258,2.84879,36.76359
3300,-10.197,29.357
3154,35.36515,33.56344
25,24.6703,36.9921
5576,-18.89825,66.15062
479,25.8479,39.21118
5629,27.75418,63.09127
35,25.1448,36.6747
3644,69.83903,22.49399
3515,51.7898,24.069
2842,14.69041,44.37366
3104,29.6039,41.1783
2899,27.27888,44.12235
2165,28.24059,41.07195
5639,27.73431,59.42366
1558,-3.3954,54.86834
6196,-91.26467,47.27536
6218,-84.39466,39.04158
1639,0.04526,51.49878
3901,151.0488,-33.8253
5837,51.49739,25.5555
3396,18.43786,-34.18755
2250,16.67148,57.40983
2219,14.35763,55.55825
5508,126.85757,33.34156
2731,-8.86639,37.9439
386,103.85457,1.2576
3127,35.14159,42.02243
5895,128.17342,40.02371
5496,128.07288,34.90252
2527,4.20001,51.05549
866,4.10682,51.60472
2524,4.88372,51.18319
2548,4.67996,51.34378
1250,5.75051,52.91191
1036,4.17002,51.61506
2535,4.5665,51.30074
3744,109.05446,1.19857
5517,126.9205,33.4311
3503,52.60911,24.26735
3680,100.8851,13.14313
2022,15.28796,37.06242
5329,5.7883,58.5055
3541,57.07514,26.5262
2743,10.61033,45.49123
3551,54.55246,25.89406
3191,16.63225,31.21358
6601,-90.04831,21.16105
5892,-53.67065,66.94258
1875,1.82361,41.23286
519,26.1129,35.209
6069,-135.3322,57.04549
5900,50.6627,26.16541
2613,11.29931,55.97294
5249,6.80612,62.47967
2956,32.90907,46.10329
2592,9.6146,55.51014
5578,-20.31391,65.82383
2623,10.59593,57.71334
6006,-135.32974,59.44826
769,23.36807,37.70866
706,23.07581,38.67143
620,25.93476,39.13132
582,24.53246,40.70953
720,26.20958,39.20534
690,24.54638,40.72893
5691,-6.78081,62.16122
3089,132.82362,42.75403
5345,17.693,59.05158
468,23.59137,38.0079
5162,25.8311,71.1123
5074,5.93325,59.73439
2205,19.0136,63.1907
2483,-6.10744,53.58466
3240,10.1556,34.3057
3285,-7.04993,33.87208
600,23.49322,39.16256
5226,6.0972,59.2526
3250,6.92331,36.89024
5367,14.28478,55.47287
5079,5.0357,60.85646
2588,9.05584,56.5703
5131,11.15943,59.17886
5214,5.46824,59.75009
5128,11.15308,63.71792
53,23.733,39.129
5675,-6.8808,61.90469
5234,5.26199,59.14415
5886,24.40372,57.31589
37,24.5326,38.8453
5256,10.5133,59.3263
3049,131.396,42.874
1028,4.95753,51.81704
5220,10.501,59.78354
5299,8.50451,63.23057
1246,4.76101,51.82144
2469,-8.48911,54.28297
387,18.8074,57.7164
1105,5.64639,52.8948
5275,5.0641,60.84732
895,3.83619,51.27057
5826,20.93073,44.67504
3308,-5.33996,35.7536
2232,11.22991,58.35327
5617,20.72687,60.21827
2586,10.05321,55.82259
1226,5.66141,53.03418
2807,17.6082,42.741
2981,39.7161,43.57519
3378,13.43185,-5.85805
4761,141.51179,38.51249
388,17.6467,59.1838
2625,10.25811,54.94303
5099,7.10567,61.228
2099,28.08245,36.65827
3479,56.63091,24.50582
5497,128.60038,38.20401
3178,32.3613,29.64633
5336,6.32492,62.41306
5682,-6.75394,62.15547
1675,-1.1066,50.8435
2994,56.69602,59.61365
5775,18.95738,46.79779
2186,14.58824,56.03655
2289,-3.81545,54.87878
389,140.9615,37.83816
5305,17.99797,69.63502
4282,134.7629,34.7604
3682,100.58683,7.19253
3425,39.4905,-8.521
4155,119.63299,25.74789
7160,-64.70412,18.3857
5213,13.97712,67.13543
2244,17.4931,62.5031
6388,-73.11636,46.05
3728,131.2651,-0.88919
2077,14.3771,40.6299
3833,144.74621,-38.33537
5159,15.42153,68.69631
5670,22.52357,58.69004
5698,-7.32598,62.07214
5120,21.97386,70.63
3042,29.03846,59.86708
2945,30.81994,46.54834
1835,-1.00609,45.92965
8,24.08872,35.49386
462,23.8058,35.24563
6695,-48.52236,-0.73046
6389,-62.25374,46.34849
543,23.05537,37.91741
3195,21.96451,32.90227
3212,10.64593,35.8251
6155,-86.27913,42.40311
2318,-3.39618,55.99171
5964,-93.01421,44.87414
1649,0.30115,51.47073
390,-1.39827,50.8828
5988,-78.01042,33.91873
3986,153.42179,-27.95278
3869,146.97363,-43.43411
391,1.68416,52.3272
6114,-122.49602,47.51335
485,23.48278,37.77495
3021,28.6561,60.54592
3066,140.27732,48.98745
5059,6.26976,62.54535
3377,12.33061,-6.11277
2895,27.69017,42.42208
1108,5.81545,51.12823
910,4.68042,52.4124
962,5.37913,52.25787
2358,-0.94301,50.78581
6378,-76.49997,39.21587
624,20.76196,38.66248
1271,7.65085,50.25631
572,23.15571,37.26937
662,23.16463,37.26227
1359,7.69556,53.76123
1141,4.76322,51.77762
965,4.31832,51.85959
1235,4.33626,51.85505
2199,17.53007,62.36398
5264,6.35251,62.4758
392,16.4349,43.5041
2869,16.44024,43.53457
393,10.8338,54.933
5512,128.03784,35.05309
6405,-82.69757,46.196
1265,6.17402,51.83653
6479,-123.16596,49.68163
5823,19.94122,45.20653
1343,9.40928,53.8285
2271,-6.33852,49.89548
6397,-56.77282,51.20507
6195,-82.4844,42.81455
2902,28.01213,43.22332
7089,-64.75281,17.68773
7056,-63.00454,17.49673
3393,24.85201,-34.18313
7104,-61.75583,12.04647
2409,-1.11118,50.69647
3844,148.25132,-41.32731
6009,-84.72011,45.87037
7130,-64.84833,18.33611
395,-52.6973,47.5657
394,-61.8593,17.1238
6157,-90.18439,38.61091
7149,-63.09238,18.03776
1704,-2.9612,58.8318
2752,11.61484,44.88929
396,-2.19304,47.27454
397,30.2682,59.9245
6188,-82.62249,27.76359
7131,-64.84748,18.32612
7126,-64.92799,18.33031
1763,-1.264,49.58821
1746,1.64464,50.18383
2388,-2.12706,55.89884
2451,-2.76573,56.20446
1701,-5.47571,50.21296
981,4.24517,51.74234
1306,9.4812,53.60063
1383,9.53404,53.62626
1450,6.98616,52.9949
1427,13.29167,54.23395
1123,4.44087,51.61312
5268,13.84914,68.12124
3854,145.30363,-40.76918
3916,137.79859,-34.90334
2216,11.56843,57.9393
2821,16.57667,43.18429
2989,142.82671,47.41466
398,5.73824,58.97428
1204,4.01111,51.59133
5253,10.0435,58.9982
925,5.36184,52.88123
466,23.69956,40.66707
751,20.64012,38.43928
2221,18.70525,59.28478
7164,-61.3899,16.22018
879,4.31124,51.60796
1170,6.83919,53.27234
988,6.11335,52.78845
6072,-122.60376,47.17363
1080,4.77928,51.99907
5127,6.47616,62.78633
1199,4.03913,51.82368
788,23.92524,39.1918
399,11.80824,58.07833
6475,-58.54281,48.51138
2630,12.45469,55.32205
6183,-121.8806,45.69123
1238,5.84845,51.13721
6456,-123.17527,49.12101
4016,168.13336,-46.89787
1376,9.63649,54.50915
1291,10.16787,54.38289
2608,11.24236,55.21036
2054,8.23227,40.93722
3029,30.7681,59.76452
400,18.0866,59.32
1412,9.08014,49.97541
6307,-121.31693,37.95239
5546,-13.87773,64.83219
1396,9.63842,52.42092
5205,13.0028,66.3402
5236,14.91546,68.56766
3401,17.97861,-32.72357
2331,-2.19887,56.95946
3252,6.87986,36.90198
2190,11.37565,58.30359
5186,5.27889,59.39088
5111,5.48861,59.75982
5218,5.22142,60.09214
1296,13.99145,54.04704
401,-6.37352,58.1972
2200,18.79924,57.84105
505,22.25751,36.84493
3875,145.3197,-42.15747
402,13.0903,54.3081
1027,5.56241,52.31799
2618,10.50727,57.49426
1437,10.1718,54.43548
2411,-5.55406,54.37215
403,-5.02614,54.9075
2657,7.79624,48.5883
678,23.82973,40.51187
2368,1.26948,51.99515
1511,12.5755,48.88629
5049,12.59298,66.36897
5567,-22.04304,64.04495
892,4.74501,51.90346
5685,-6.75833,62.10685
1138,4.58908,51.7144
2389,-3.11816,58.66971
1632,-3.29326,58.96141
404,11.166,58.9385
2298,0.49379,51.38853
5876,13.60004,45.52987
2615,10.62846,54.90428
2610,12.04367,54.89301
2587,10.35399,56.2482
2247,17.39087,58.75769
5040,4.86015,60.61931
5928,-87.3852,44.83811
5852,18.72843,47.7973
2567,6.80502,51.14196
1433,9.2166,48.79499
5592,-22.7308,65.08
46,22.6167,38.9068
5414,120.10215,16.07069
5785,121.87244,24.59363
6653,-34.9548,-8.39165
5468,120.21894,14.86389
6864,-64.19362,10.47118
2855,17.18894,43.12517
4675,133.65311,34.23451
5572,-22.9846,66.03699
2865,17.91352,42.71125
5560,-23.5233,66.13035
4871,135.83054,33.45551
7185,32.38447,30.34374
3179,32.55315,29.94817
4647,136.8972,34.50064
4547,135.97074,35.65399
4918,141.5824,38.8198
3142,41.009,42.99328
2854,15.30207,44.04899
4583,132.7137,32.91025
5103,6.16758,62.39487
2908,29.64785,45.15732
405,-1.28647,60.452
3482,58.57142,23.62628
2813,16.86904,43.28438
1552,-1.2775,59.8765
6489,-63.78784,46.38629
4235,134.89778,34.34956
5808,49.62537,40.61589
4668,133.08416,34.35896
5689,-6.84212,62.05004
5148,14.06559,67.07291
5051,5.71342,59.83129
406,-1.37673,54.9105
2194,17.36282,62.38748
5708,102.12848,2.24542
5263,8.54471,62.68401
6347,-80.13094,25.9405
6148,-77.95097,34.00521
6272,-93.98135,30.00837
3871,153.0842,-26.64079
6942,-77.74772,-10.79811
2866,16.55218,43.38642
3465,59.534,22.57236
3775,112.73306,-7.19581
3795,106.05132,-5.87709
3670,99.32966,9.16034
6847,-82.29301,22.67426
3014,73.47725,61.22555
5385,125.5046,9.77918
4630,131.59952,34.62336
2823,14.31293,44.51156
4527,133.29647,33.39635
5725,116.05565,5.96733
1662,0.19852,52.77256
5757,178.42387,-18.12776
4846,133.0893,36.10079
4362,136.63391,34.88614
2596,15.14677,55.13463
2223,11.83349,58.13854
5080,5.28889,61.77118
407,10.6196,55.0573
3035,138.3271,46.5395
3080,20.14586,54.67348
5656,23.31523,58.96994
2898,25.34674,43.62396
5060,14.55066,68.23325
6352,-76.32955,35.39411
1642,-1.94748,50.60891
408,-3.92228,51.6146
6498,-123.40896,48.69092
5794,14.25969,53.90503
68,25.509,36.8693
409,151.19846,-33.85655
6432,-60.20152,46.14242
5077,6.54625,62.40924
1709,-1.0276,60.3426
804,27.84076,36.61817
631,24.06993,37.74214
15,24.9436,37.435
717,20.23753,39.40748
628,20.68395,38.62276
3044,48.4311,53.06889
5762,18.91558,47.2915
5792,14.56616,53.42482
5449,123.73982,13.36048
3207,8.76151,36.95949
4745,129.57636,33.36249
6903,-79.55321,8.79849
6916,-79.52128,8.80863
5467,123.86817,10.83265
4459,134.6602,33.87326
4436,141.51523,38.50653
5438,124.99937,11.25006
6031,-122.43061,47.28067
5946,-90.91371,47.52514
4412,141.71027,38.98292
3589,54.2107,26.70757
4469,133.74154,34.27742
5529,126.23696,36.9143
5536,126.7519,33.28539
5419,125.81782,9.54982
3086,38.95223,47.20216
5443,123.84632,9.65091
3261,3.71759,36.87319
4744,138.75991,34.8065
4818,138.6934,35.14176
4946,137.2588,34.7048
3573,52.35046,27.65754
5922,-122.50677,47.33066
4215,121.19575,31.66372
411,120.51838,24.25118
4786,132.54328,34.11732
412,121.38131,25.15107
4926,130.31139,32.87666
4027,175.85193,-37.00888
4173,119.91518,32.13378
4400,135.09153,35.74006
4094,121.41863,28.69174
4557,134.31749,35.59466
3193,13.40705,32.87944
4941,129.9913,32.3788
4909,132.69983,33.88279
4820,134.05264,34.36237
4471,130.19596,31.98999
4431,134.7988,34.73199
4863,132.91545,34.32907
4533,134.8957,34.35294
4365,129.30357,34.30056
4767,131.57011,33.67889
4803,133.09133,35.5968
3340,-1.73495,4.88896
4674,133.68341,34.23582
4607,132.40363,35.16763
6936,-81.2799,-4.56935
6755,-73.10199,-36.70385
2690,-15.36853,27.98934
5565,-23.82461,65.62485
7020,-66.7302,17.98779
5647,24.77384,59.45056
3052,36.66205,45.12327
4508,133.94198,34.46998
4542,132.51709,33.31161
6543,-97.44394,21.27478
2552,8.68799,54.52124
6094,-82.46698,27.8656
6589,-97.84385,22.20759
3305,-11.35575,28.47859
4884,135.36299,33.72916
4011,104.01783,1.31225
414,5.58705,58.9252
3304,-5.51949,35.88087
3296,-5.4969,35.89479
3692,133.12273,-2.42981
3295,-5.796,35.7892
3807,117.6553,0.5347
3781,110.73005,-6.4354
5734,104.00928,1.44151
5713,103.54383,1.34848
3733,116.2832,-3.2104
3760,104.43811,0.93256
3727,104.21295,1.06542
4948,135.186,34.3389
4795,133.84734,34.47024
2668,-17.94264,28.64191
3783,117.58819,3.28519
4062,172.8962,-40.8234
3273,4.95321,36.82543
415,17.1756,40.4848
2293,-5.4041,55.86714
2482,-9.3583,52.58839
1544,-6.79755,57.89605
3311,-12.934,27.942
1979,-5.60236,36.00908
4721,141.97712,39.72984
1897,1.21303,41.08308
2605,11.02804,54.87541
3148,35.85713,34.90695
4472,132.92422,34.28023
4428,130.70357,31.45842
4984,130.69679,31.49661
4243,138.24594,38.0777
3115,33.8873,36.3115
4628,140.23874,41.44558
4306,139.84951,35.00659
5155,5.91004,59.06409
4518,130.49776,32.35569
4031,176.17847,-37.66145
3103,29.57328,40.76655
6325,-83.50435,44.27097
5730,117.87182,4.24283
2346,-2.87951,56.45084
2300,-5.61762,56.02204
4615,140.9169,40.99613
6576,-105.74288,22.5386
6649,-44.22971,-23.05931
3229,10.9571,35.6605
6587,-97.01001,20.4741
416,-1.15726,54.6224
6338,-122.95476,46.09837
1588,-3.50247,50.54378
4925,138.88681,34.63024
2619,14.83518,55.25003
2174,27.51453,40.96466
4015,104.02541,1.4056
3161,34.76637,32.09124
6556,-89.30905,21.34082
649,26.92186,36.99699
5717,104.24758,1.3609
3726,100.3757,-1.0008
417,0.01425,5.6296
3087,37.372,45.3284
5909,-135.21949,57.77796
1578,-4.69597,51.6735
2675,-16.23123,28.48225
3268,1.31816,36.5253
5094,5.16396,61.91568
4329,138.76071,37.64198
945,4.74452,51.64192
1140,5.77657,53.03925
1092,5.7876,53.01247
6784,-59.12404,-34.01942
1991,13.7169,37.98476
2762,15.00516,42.00356
1490,7.02977,53.29896
3790,127.38859,0.77754
418,3.82496,51.3197
2063,13.08144,38.15871
7069,-61.58563,15.86732
1205,5.21831,53.35594
4670,141.73519,44.87248
6598,-107.91186,24.62621
4449,141.32884,44.43922
6236,-94.88737,29.37689
1046,4.79805,53.00972
1689,0.51106,51.50462
1666,0.69216,51.43207
838,24.70399,40.78191
38,22.9007,40.6012
6427,-123.67955,48.97982
3983,133.64039,-32.14763
5574,-23.48569,65.87798
34,25.34736,36.45302
1228,4.22083,51.52402
6276,-90.53992,29.64864
1230,5.85127,51.152
2294,-0.91475,50.83663
5582,-15.33393,66.19544
2634,8.1192,56.37234
5947,-76.02673,44.28436
6474,-89.20676,48.40206
3876,142.22087,-10.58676
419,8.22392,56.6982
688,26.45439,37.582
420,117.74822,38.98241
6358,-122.45535,37.87264
913,5.4431,51.88691
6050,-82.71967,27.69318
4142,109.55929,21.49366
6808,-58.58816,-34.4106
3270,4.12003,36.89506
1481,5.09949,51.57193
421,0.34642,51.4544
6430,-123.03296,49.14511
73,27.3953,36.4164
4052,171.2594,-44.3841
1630,-3.0422,59.08931
20,25.1578,37.5361
3263,2.44931,36.59515
3126,38.82363,41.00909
518,22.86839,37.24482
2442,1.25968,51.86441
2871,18.68719,42.43581
3484,59.25641,22.83025
2791,15.42053,43.92261
6985,49.42497,-18.14916
4597,136.84893,34.48184
4584,130.82036,33.90771
3766,128.01784,1.7207
1638,-6.06061,56.62298
4859,139.90915,39.25155
4545,136.96774,34.72075
4970,139.55956,39.19201
4951,129.94115,33.47992
3016,68.24887,58.21501
3189,23.98172,32.07164
4661,138.27163,38.11824
6740,-70.21248,-22.09126
1661,-1.20234,60.46687
5302,10.56912,59.54285
5679,-6.74309,62.0939
4841,140.85134,35.69612
4246,131.7167,33.603
4410,138.78587,34.90767
5660,27.53566,59.42753
4369,143.3322,42.2957
4461,136.8343,34.87374
4705,134.59952,34.051
4637,131.78399,34.04504
422,139.80903,35.62071
6168,-83.5065,41.66324
5973,-123.94026,44.61423
5408,123.63517,10.38054
3798,120.8048,1.0421
1111,6.10387,51.84976
787,22.85917,37.51673
4528,141.63258,42.63323
2980,142.06077,47.7714
4901,130.48344,32.33293
4710,141.52231,38.35841
4535,140.4913,43.06659
6584,-105.31761,20.51304
3532,52.17821,27.71109
6768,-72.96017,-36.62136
4764,140.98084,37.00997
4907,130.038,32.5195
4511,141.03037,37.33507
4835,133.38023,34.38071
5242,6.92257,62.58206
3006,84.93594,56.49659
4181,117.75185,30.91915
6756,-71.50015,-30.25776
5488,128.42372,34.83656
1723,-0.89384,45.94238
1327,8.95044,54.31492
4341,134.17362,34.49085
4741,131.377,31.5165
4001,153.10031,-27.03089
2114,29.43341,40.69251
6571,-109.05467,25.59154
2456,-3.46814,50.68266
5235,5.16416,60.11557
6442,-79.37049,43.63351
3123,35.9972,36.91392
1691,-4.19216,50.37511
2383,-3.52764,50.45843
2723,-9.24991,38.67164
2768,14.44674,40.74958
1997,14.36229,40.78416
1883,1.40257,41.13438
6687,-49.72521,-29.32762
1915,-0.6865,37.9702
423,-6.76833,62.0005
6726,-73.53404,-47.80311
4783,132.95887,32.77484
4393,139.27915,34.53489
4986,135.09297,33.98916
6205,-74.24963,40.51725
4273,134.18656,35.54434
1786,5.91789,43.11259
424,146.83159,-19.24812
4829,137.11501,36.77086
4451,133.13096,36.10689
4787,136.93647,34.70485
4945,137.30512,34.73064
4573,138.52147,37.97666
4347,141.77534,44.56596
4843,141.07774,41.7432
1527,7.11412,49.95017
2168,39.7462,41.0059
425,12.1044,66.50105
2725,-9.23358,38.67532
6696,-50.14365,-29.98322
7188,16.42214,41.28332
1612,-3.00299,53.38191
2039,12.50217,38.00984
2052,13.03984,38.0729
2220,12.26875,57.05784
426,10.8646,53.9533
6091,-85.61479,44.76712
6103,-122.36591,37.81664
1721,-3.22132,48.78633
2573,7.29516,50.17215
427,13.1527,55.3637
2014,15.52539,38.13281
6071,-91.43846,44.00196
2653,1.37085,50.06371
1335,11.37469,53.99212
3982,147.91859,-42.52748
1522,6.6295,49.76015
428,13.7693,45.6283
5658,22.72045,58.59139
3659,81.21289,8.55994
3157,35.83122,34.46375
3194,13.20353,32.90736
531,22.07741,38.368
2870,16.23308,43.51389
7179,-61.64519,15.96784
6477,-69.18735,48.13606
6410,-72.5384,46.33873
429,18.9791,69.6686
5281,18.404,69.77576
430,10.3896,63.4369
431,-4.67905,55.5472
2227,17.55495,58.88905
1852,0.07784,49.3645
5934,-73.6965,42.72831
2784,17.26624,43.01092
7093,-85.95201,15.92363
4035,175.48681,-36.32032
480,23.91926,40.36335
6446,-123.14082,49.00541
848,22.84846,39.17396
752,23.85953,40.78241
830,25.28685,34.98478
4450,136.5548,34.67966
4768,130.17882,31.77909
4240,134.25252,34.29534
4985,141.48931,38.40738
4664,129.72351,33.35512
4826,131.8699,33.0824
4515,137.23782,37.29941
4881,132.01416,34.85971
4734,134.70289,34.77418
4345,134.91167,34.43273
4562,133.2984,34.38232
5459,123.68518,10.47328
4806,130.8557,34.34766
4801,136.06417,35.67458
4602,134.77836,34.41624
4610,129.1853,34.1157
4260,132.51593,33.98164
5510,126.53105,34.30018
3767,132.74192,-5.64173
2964,39.06759,44.08883
3709,111.89374,-6.7839
5396,125.52846,9.18199
5462,123.95879,9.95735
1848,-4.17109,47.84014
5819,160.15319,-9.10405
2914,28.79679,45.18091
6963,43.6665,-23.37704
5748,16.05221,48.33413
3860,136.1095,-34.38594
6838,-79.55319,21.63314
3960,152.50221,-32.17688
2597,10.45528,55.94872
2787,15.40631,43.96681
7052,-76.7848,8.03368
2166,27.25542,37.00109
5806,50.1566,40.35643
5844,53.02037,39.99463
432,22.20851,60.4336
5754,177.36969,-16.96179
6350,-87.57034,33.21534
1175,6.87497,53.16253
3650,78.21148,8.76617
6548,-97.32757,20.96291
2123,29.26655,40.83265
3043,35.97733,56.82707
3911,153.54842,-28.17146
6061,-73.98229,40.40128
6291,-91.6715,47.013
5990,-87.56313,44.14495
3818,115.58153,-31.49637
433,-1.45852,54.9873
2972,65.55492,57.1636
6636,-45.11769,-23.50309
4252,131.21338,33.93225
2817,16.8239,42.74792
4473,135.08206,33.91163
4686,131.08415,31.27821
4911,131.47557,31.75585
4698,140.19181,35.12313
4560,135.48833,35.5376
4489,139.25822,38.46692
6402,-125.54374,48.94361
2243,11.90281,58.34295
4352,139.50734,38.4853
1410,10.57511,52.98409
2551,7.94266,51.68527
2585,9.6707,53.67879
3073,142.02746,49.06849
3040,38.28823,57.5134
4678,135.9737,33.655
4525,138.77167,34.84782
1641,-6.3699,57.5844
1242,5.0761,52.42707
1463,4.83895,52.23527
907,5.71126,53.00418
5769,18.69782,45.99533
5774,19.07254,47.55535
4342,141.04415,37.48013
4538,130.08414,32.79316
2881,19.2041,41.92237
3892,150.48115,-35.35604
1540,-5.15637,57.89293
5509,129.39444,35.47963
1668,-1.15693,60.49507
5096,5.83508,62.34028
3971,146.16836,-41.14962
3072,48.41392,54.30374
2829,13.52002,45.43682
3037,34.33574,66.68189
4294,130.38066,32.20872
3500,55.56467,25.55316
5896,47.95304,30.03356
3518,55.19749,25.15327
2792,14.243,44.6353
6191,-87.94233,37.77293
4991,133.95201,34.48966
4617,131.1254,33.63326
2173,37.34357,41.1152
4865,137.39231,36.82049
4442,134.99613,34.54375
4707,139.72518,35.23855
4682,138.48792,38.20022
4286,132.99616,36.09044
4598,130.70988,31.60756
5386,125.78756,9.55694
1186,5.60092,52.65837
2147,26.7524,38.3943
4869,133.02518,36.03025
4319,132.63542,35.43342
3915,113.41823,-26.10198
4455,130.02788,32.19186
4834,132.00904,33.86003
4359,134.15573,34.61276
6794,-68.28839,-54.81034
3050,28.40795,59.68842
2010,13.19711,38.708
5797,16.85407,54.5844
4778,133.05615,36.00373
4407,140.94484,41.9355
4564,131.81355,33.12885
5289,5.90511,59.78277
4993,131.54007,34.56615
5212,9.58569,63.72718
7061,-86.8972,16.09322
5356,18.32424,58.97052
4914,144.98575,44.07295
4425,141.52946,38.75299
1021,5.0845,52.0853
4896,131.1493,34.78241
5612,21.38684,60.79415
4763,132.5481,33.22701
1657,-0.91699,60.6878
5185,5.52606,60.04697
5607,21.54991,63.08635
5765,19.11876,47.78307
6898,-79.6694,8.86076
2028,8.45043,44.269
5284,12.71486,67.65266
5229,14.0447,67.1228
5676,-6.80623,61.4704
1294,11.49584,52.25268
5360,11.25956,58.38091
2120,39.26868,41.05018
1758,1.00907,49.38679
2782,14.49581,45.02556
6086,-146.34122,61.10585
6735,-73.24694,-39.80923
434,-0.30805,39.438
5092,5.42721,60.50433
5199,5.46859,59.70078
1878,1.86477,41.2373
6300,-122.26448,38.09884
435,14.52231,35.90029
6449,-74.09354,45.22312
2218,17.17461,61.19112
6765,-71.61799,-33.0337
5085,9.63947,63.81781
998,4.87425,52.8828
6147,-122.70846,45.63573
6436,-123.09522,49.29501
5370,12.31812,58.38448
2973,140.27389,49.08651
1740,-2.75924,47.63417
6837,-81.19543,23.14958
5294,5.97136,60.08703
4008,115.58168,-20.65617
436,8.57214,44.3536
437,12.2352,57.1118
2255,17.87318,59.25252
5227,15.67781,69.13997
5309,31.1067,70.3749
1284,8.18371,53.40824
5628,27.89247,62.30407
577,23.80324,37.81695
438,27.9114,43.1902
5335,6.08217,62.30227
5959,-122.46324,47.51206
542,20.99208,37.71676
490,20.60411,38.62588
3136,33.29464,34.7192
5251,5.78092,58.99735
2182,16.55279,59.59157
2226,16.6605,57.75213
2764,14.71077,42.17817
603,24.68939,36.92948
597,23.33906,37.5937
704,20.78282,38.66471
498,20.7543,38.97301
439,18.3526,59.4003
5292,5.22976,59.2979
5006,5.11264,51.78038
1096,6.88615,53.10131
1005,3.66871,51.55012
5646,22.05143,58.46033
1162,6.09237,52.37475
1218,5.51966,51.61552
5631,24.61676,65.68511
2593,9.56182,55.70455
1949,-4.0684,36.7476
483,22.76569,38.00306
1454,5.74471,52.41354
5652,24.65789,59.45699
2035,12.30056,45.43862
6385,-82.44719,27.10501
6311,-89.35056,29.2744
870,6.16505,51.37059
1185,4.54364,52.18925
5172,12.04089,65.21511
6023,-74.48418,39.34262
5874,21.53611,57.40355
6360,-119.26752,34.2498
6211,-119.29313,34.27171
6569,-96.12562,19.20287
3647,70.37318,20.9003
5136,11.4271,63.78992
2644,5.38706,49.16297
6366,-92.11566,29.89433
1775,1.48712,49.09731
2602,10.92251,57.29765
5703,-7.1656,62.14992
5598,-20.26325,63.44558
5046,7.09541,62.62267
5153,5.45867,59.22102
6512,-123.57483,48.88205
5351,11.02135,58.90318
2726,-8.83267,41.68635
1094,5.09759,51.99145
2042,10.23897,43.86074
6163,-90.88843,32.38659
6439,-123.37323,48.42395
3819,153.31885,-27.5815
2234,12.11074,57.24953
2893,22.88005,43.98431
1533,-1.1282,60.37173
2940,34.20197,44.49855
6807,-62.98944,-40.8028
5969,-75.82141,38.48443
7180,-65.44473,18.152
2754,16.18238,41.88825
6984,-61.51023,16.34343
7176,-60.95485,13.72162
440,-8.73801,42.2363
3633,73.33823,16.55634
5195,5.89531,59.49488
6617,-44.16372,-23.13641
6706,-48.75522,-1.53192
2717,-7.41401,37.20116
1973,1.7331,41.2111
2716,-8.86926,41.81473
6783,-60.31815,-33.2265
441,15.6313,38.2217
1901,4.29079,39.8818
1943,-8.77563,42.59991
5394,124.7589,8.5775
2518,3.70587,50.4712
2510,3.78037,50.47965
6997,-57.57297,-25.49957
1977,0.47634,40.46251
2248,11.44828,58.36792
6014,-70.59763,41.45687
1016,4.93276,52.2211
548,22.38253,38.3532
5411,124.23518,13.57895
7117,-64.43892,18.45104
5616,24.40026,64.66377
5645,23.50937,58.57721
5821,157.72878,-8.50165
2828,16.1956,43.0632
3632,83.30323,17.68694
2184,18.27883,57.63642
2998,28.44477,59.78328
2982,32.33057,67.08117
532,22.91875,37.53473
1867,-7.59443,43.66891
1236,4.34002,51.90147
442,131.91071,43.09344
1227,5.08225,53.29502
817,20.70523,38.68602
1017,4.08428,51.68652
263,3.67542,51.45496
1145,3.5906,51.44744
2884,19.43908,40.46547
470,25.4346,36.33582
5547,-22.39831,63.98323
792,26.10666,38.24232
1104,5.0707,52.49005
2967,44.53614,48.70527
656,25.9192,38.46929
2563,6.84328,49.2435
880,5.94644,52.68271
676,22.9449,39.35124
3005,48.3501,55.8519
1176,4.35208,51.88705
738,20.89024,38.92131
1478,4.44731,52.11386
5559,-14.81896,65.7556
2642,11.89064,54.99645
5174,5.3171,59.3534
3009,133.05234,42.7539
469,24.53727,36.75061
585,23.76183,37.83828
557,23.77344,37.80314
586,20.87867,38.77169
3031,35.48834,61.0178
2237,11.77756,57.57488
2775,15.50335,43.86065
2847,13.59838,45.14923
2837,19.00699,45.35249
2032,14.9621,38.4144
4084,107.09163,10.39802
5604,25.19896,60.21107
5622,21.24833,60.50735
2966,28.73794,60.7162
2927,29.5592,45.4177
3074,28.54129,60.59692
876,5.13446,51.75988
1022,5.05806,51.69613
4270,140.01348,35.03436
927,5.65458,51.95832
4965,136.80456,34.25178
6354,-158.1974,21.44857
4921,133.81984,34.46861
4039,175.02495,-36.81089
4042,174.9907,-36.7801
4017,174.04627,-41.2607
4171,114.02315,22.1018
3737,120.253,-9.63879
4037,174.23065,-38.99136
4894,136.90358,37.40209
4868,130.81053,33.90059
4482,135.13684,34.21535
4992,129.78343,32.57996
4302,130.18653,32.07884
4704,140.82569,41.14346
4672,130.90229,34.1468
1342,7.29235,52.9295
3896,137.62054,-33.92389
2228,11.70423,58.00773
1609,-1.56644,60.22377
6132,-121.51201,38.24514
951,4.03447,51.38193
1398,6.71875,51.51851
1347,7.41604,51.63113
3383,14.50037,-22.9396
2523,5.64721,50.66037
4043,175.00804,-39.9512
1266,7.86739,53.77383
1312,8.02189,53.68372
3858,152.98909,-25.44604
3980,115.64043,-32.60493
1180,6.07907,51.54431
1024,5.70199,50.79716
1456,4.49818,52.19096
6314,-73.63212,43.47102
2531,2.95198,50.75228
924,5.40355,52.88319
230,-6.25932,54.0992
6058,-123.91665,46.16777
3344,5.72431,5.5133
1233,5.90424,53.14934
6265,-77.03706,38.87414
4440,138.51729,38.31645
1099,4.94454,51.69994
1389,9.42499,54.82355
4552,141.36667,38.40797
2337,-3.329,51.1827
2404,-6.05204,55.0661
95,-7.03261,52.2657
2477,-7.1147,52.26369
5025,6.64717,53.18619
964,5.63816,52.36568
3906,151.27907,-33.84385
1843,2.2094,50.83141
5913,-87.81615,42.36021
6020,-123.40441,46.15972
3804,128.19072,-3.66296
3765,127.87994,0.32922
1344,9.69998,53.56825
2574,7.36853,53.16806
1483,5.04796,52.30605
4105,119.43224,37.23786
4101,122.16728,37.48256
1513,7.59058,47.58836
201,141.86057,-12.66881
2569,7.45787,50.41806
4198,118.56294,24.51583
4151,109.08575,21.05975
6355,-90.8603,30.06114
896,6.07545,51.57101
200,174.80348,-41.27972
1538,0.85181,52.97399
3868,146.46141,-38.70405
1465,4.00441,51.51939
199,-4.89081,55.8759
1387,10.27793,54.4194
3909,151.08362,-33.82502
4132,120.81018,27.97802
5016,5.84453,53.15012
917,4.87663,51.80671
2542,3.05501,50.7804
1425,6.60224,51.65246
1445,7.00003,50.82357
1196,5.88096,51.15638
1562,-2.7642,50.70973
1532,-1.53981,60.29571
5382,11.85522,57.6459
4065,174.6483,-36.81001
2408,-3.09023,56.13945
1190,6.08203,53.29348
3814,145.22653,-38.33529
918,5.96864,51.96963
4067,174.75412,-36.83736
1102,4.78359,52.51506
4046,171.5962,-41.75468
5931,-124.10668,46.90806
6185,-91.25172,43.83862
2555,9.40589,53.842
2476,-6.46082,52.34138
1611,-2.4465,50.60828
4040,177.00337,-37.94856
4024,175.87902,-37.19966
4068,174.34971,-35.74576
7018,-72.70366,19.10992
6458,-54.01588,47.77192
2305,-0.61214,54.49058
6079,-121.47949,45.71581
198,-8.24873,51.8284
2311,-2.59943,59.14267
6145,-86.35435,43.40558
196,-3.59537,54.551
2392,-2.58049,57.67987
3952,148.01318,-40.12167
2445,-5.64596,54.48286
4019,175.70743,-36.83817
1531,1.02517,51.36407
6243,-148.68339,60.77804
3872,137.60401,-33.03047
6486,-81.13118,44.74718
2385,-3.0802,58.44001
2503,-6.03599,52.98299
5475,126.30287,35.61916
5747,16.40698,48.23321
939,5.33819,51.97147
2519,4.5122,51.23488
1272,9.55028,54.50699
195,8.14015,53.5171
1047,4.62766,51.72083
890,4.43991,51.69406
7000,-68.93787,12.1027
6018,-75.53376,39.72996
194,-77.9527,34.2201
897,4.89767,52.19514
5524,126.66106,33.2705
1355,7.51323,50.3086
1054,6.52024,53.33333
6129,-70.97359,42.3693
2439,0.15791,52.67029
1434,9.33848,53.7829
193,11.4469,53.9016
1501,10.66518,52.72419
5788,18.41872,54.79659
1225,4.87892,52.08442
1348,8.31743,49.06931
1278,13.78638,54.05029
3828,150.90567,-34.42046
1150,3.81821,51.54882
5838,127.45379,39.1626
5543,126.43475,36.38381
6248,-90.10909,38.84805
6073,-70.67399,41.52179
2342,1.19619,52.00726
2323,0.06891,51.49552
192,-3.56067,54.6478
1171,5.4377,52.97296
861,4.80604,52.49485
1321,8.37257,49.64576
1013,4.63892,52.16755
915,5.00277,51.81642
1133,5.63008,52.94243
3923,151.31211,-33.48146
3922,151.32501,-33.48321
6208,-132.3883,56.46699
6034,-82.76659,38.55738
1402,9.92576,49.79438
4091,115.54409,29.84167
191,8.57659,54.6938
3898,128.10043,-15.45782
1665,-2.9733,59.12522
4120,118.06454,24.46537
4111,113.58125,22.29002
4161,114.43149,22.58222
771,21.91726,38.38843
4114,110.14323,20.04956
4124,120.97319,32.65104
4097,113.5414,22.98245
4112,119.00179,25.19351
6970,-65.83293,18.05143
1263,9.74685,52.40541
4297,141.97202,39.69013
4486,141.76885,40.34872
4466,141.42896,44.44091
3332,-12.33691,7.57195
4290,138.33225,34.86741
6111,-139.73916,59.54758
2144,29.27535,40.66233
2152,29.47238,40.71823
2957,34.16734,44.49079
4384,141.97498,39.46365
4775,134.01025,34.54708
4743,130.63674,31.21119
3861,153.34326,-29.42282
4851,130.44197,32.55008
4549,132.13213,33.95462
3443,38.05463,24.07101
3438,38.20969,23.95226
5820,159.22129,-9.07526
4109,111.81729,21.69795
4134,109.15321,19.73303
4126,122.13446,30.60723
4848,129.65611,28.50168
4180,121.39734,37.57558
4167,114.26551,22.56608
2158,29.72909,40.77057
1556,-1.50081,50.7077
6454,-66.12509,43.83422
2984,39.88953,57.64274
3231,10.54679,36.37274
4772,139.83697,35.13022
4936,130.88864,34.27233
4650,130.54954,32.51693
6615,-109.51441,26.70703
4967,130.80557,33.88414
4266,132.4147,33.45747
5745,15.06463,48.19199
6605,-105.44626,20.49073
5502,126.94151,33.50798
5489,127.66445,34.73478
994,4.05607,51.49793
2109,28.82571,40.95542
2943,33.37655,45.18527
3075,38.2725,46.7289
4104,119.15673,32.24913
4344,129.89018,33.54281
4403,140.7827,43.2062
4771,136.67385,34.97047
189,139.66758,35.45491
4346,139.66688,35.30919
4249,133.28903,34.35448
4269,141.4742,38.4008
4233,133.30829,35.42813
5997,-73.90675,40.93219
4519,129.23281,34.11139
4322,141.5255,38.38802
3326,-12.46293,7.54355
4646,132.54052,33.26898
4254,137.08616,34.77603
4422,133.03566,34.15834
4581,136.5071,34.2761
4875,140.99756,37.10656
2502,-7.8459,51.95526
3851,151.1082,-34.05205
2225,13.8251,55.422
5073,11.16806,63.79743
4944,135.1679,34.0314
4903,133.20181,34.25645
4326,134.59258,33.76948
3112,35.79483,36.76833
5781,120.19733,22.81259
4446,130.62943,31.55464
4374,132.34063,35.09428
4713,132.98424,36.09103
4822,135.10387,33.95849
4805,139.67932,38.72044
4802,130.96659,34.40308
4386,131.00351,34.39892
4853,131.0668,34.42069
3039,132.69631,42.86825
2933,31.01895,46.61839
1460,4.84103,52.42058
2814,15.2214,44.1215
3462,56.27596,25.7013
3155,35.3418,33.50849
41,20.9008,37.7821
1070,5.24867,51.81253
5440,122.07659,6.89923
1166,3.72263,51.53256
3424,39.19049,-6.15659
2935,35.12333,47.82361
6772,-59.01456,-34.08475
3217,11.12191,33.47753
2859,18.04397,42.69782
3017,43.41516,56.65565
188,23.6496,37.9326
187,3.20283,51.3433
5026,3.7281,51.4126
1012,5.55055,52.332
5739,16.15979,48.33699
2873,18.57054,42.4499
3004,48.51326,55.82999
1379,7.18127,50.02438
2533,3.80231,51.19912
3276,3.5595,36.804
1114,4.60869,51.64831
919,4.55595,52.19881
2129,28.89288,40.97905
4125,120.41209,31.97578
4146,118.05309,24.41356
4136,110.41347,21.26224
4116,112.46388,23.04368
4160,121.08803,30.58717
4128,119.4092,32.2418
4176,113.47352,22.57786
4107,122.19999,29.96686
4089,113.19519,21.93869
3248,5.47929,36.677
954,3.91863,51.64847
2794,14.96841,44.60147
3318,-16.27121,12.5889
6566,-101.55874,17.63523
2918,25.36872,43.6266
1353,12.6818,54.44395
5814,50.3186,40.3137
2796,15.65566,43.66343
3508,53.08841,24.86831
2786,15.8324,43.7001
702,20.47533,38.31059
2132,31.783,41.457
1234,6.29871,53.33789
1326,7.6903,50.16823
1240,4.2648,51.80534
5024,5.12904,51.81317
2538,5.54079,50.91376
867,6.20365,52.1378
3201,12.1247,32.92126
2860,14.9149,44.1606
1148,4.73741,52.52875
887,6.15941,52.03291
1103,4.22566,51.88358
883,6.03178,53.22198
1063,6.07417,52.64176
3397,19.2275,-34.43279
1011,4.6213,51.80283
3139,33.33964,34.72687
2938,32.61315,46.62255
